"","Embedding_1","Embedding_2","Embedding_3","Embedding_4","Embedding_5","Embedding_6","Embedding_7","Embedding_8","Embedding_9","Embedding_10","Embedding_11","Embedding_12","Embedding_13","Embedding_14","Embedding_15","Embedding_16","Embedding_17","Embedding_18","Embedding_19","Embedding_20","Embedding_21","Embedding_22","Embedding_23","Embedding_24","Embedding_25","Embedding_26","Embedding_27","Embedding_28","Embedding_29","Embedding_30"
"ABCB10_Gain",0.0038662375697237,-0.0152873614716609,-0.0107137719477644,0.000551640592663493,0.00100500195206988,-0.0346519728468743,-0.0156958609918095,-0.00551351735874122,-0.00963903039644491,0.0108751631681098,0.0360239955985191,0.0488060726013207,-0.00516143791525569,-0.0120828792403471,-0.0128065725628114,0.00482107274579686,0.00950544223880136,0.0168786529969695,-0.0241302091764002,-0.00701677051699714,0.0132962243249085,0.00106476691384979,0.018167735194627,-0.00483086724944462,-0.00155001634497516,-0.00139627640215766,-0.0237013701571534,-0.00582995724599093,0.0172976580824678,-0.0143596649860704
"ADA_Gain",-0.000623398186529384,-0.00730672973098562,0.0121088207644575,0.0121662704383626,0.00556816051111502,0.00485540049917558,-0.0107916182674029,0.0146237081464599,-0.0113841066246524,-0.021223787447739,0.0342314492582398,0.0302435399909668,-0.0161410262260367,0.0158635973930359,-0.00797720089116517,-0.0088955093832577,-0.0120313185102799,0.000650607487734626,-0.0144607766586192,-0.016681356848601,0.0444228118833374,0.000262735740226858,0.0127632766962051,0.0216576001223396,0.0134193950935322,-0.0146329822566579,0.015943434308557,0.0286318369428901,0.0215915051453254,-0.00348121486604214
"AHCY_Gain",-0.00144623620535738,-0.00527664636492088,0.0151864077935937,0.0120495400762045,-0.0135953912651667,-0.0234721745214155,0.0242845972058594,0.00527853400556631,0.00111640356881644,0.00469836228782491,0.0118083900581765,0.00960502925739493,0.000366223795760062,0.00134958701348433,-0.0121171541952638,-0.0107448297723006,0.00751963065516564,0.0169349231066242,-0.0170133897774322,-0.0160233394633378,0.0239602505199371,0.00838305010029706,0.0131299952746079,0.00241371444476548,0.00198672155058512,-0.0119389902039241,0.0138002504264155,0.00762818104797794,0.0081525426558269,-0.00760275251682728
"AHNAK_Gain",-0.00880130735987967,-0.00122338411059569,0.0195571184835651,0.00434903502464294,-0.012926594438878,-0.00517951703884385,0.030429004539143,0.00782419090921229,0.00363476137545976,-0.00263098846930502,0.00842801171608946,0.0121712514622645,-0.00046522238037803,-0.000291354158385233,-0.00806768446822058,-0.0158990875902501,-0.0033021095124158,0.0201351282271472,-0.0137480299242518,-0.00655600366775285,0.0059972191398794,0.00931102726608515,0.00740953280844472,0.00444453737952492,0.00110953683880242,-0.0182200991971926,0.000165475904941559,0.00395774539898742,0.00108838149092414,-0.00765517558055845
"AKAP12_Gain",0.00411188614180708,-0.00658479752019048,0.00643997648217547,0.011766998082634,-0.0276796992384191,-0.0197346955537796,-0.0171161965122373,0.00411274876650863,0.00515514847595157,0.0206461415926772,0.0428696114305905,0.0169439083331917,0.0190568188513358,-0.00801375209111867,-0.0372943346073308,-0.0119775027681993,0.0481167266688009,0.0147814833390431,-0.0484257551408776,-0.0023376056117805,-0.000833738272584329,0.0249308767163847,0.00960607468847215,-0.0364856708237505,-0.00231315242493246,-0.0300248074895284,-0.0235707809136608,-0.0106912802054187,0.00516285038897841,0.00646822993445584
"AKR1C4_Gain",-0.0206046708460365,0.000646822769860072,0.00366627584610667,0.0472002075541587,-0.00602777408702033,-0.023118582775905,0.0203169628622986,0.00586846555095343,0.00984605499321506,0.00771522334045065,0.0141758319611351,-0.0161068404337303,0.0109211945728887,-0.0430181621174727,0.0131908365791397,-0.0126124377850266,0.0197382973773139,0.0317777232045219,-0.0240387565323285,-0.00702760602524948,-0.00114077427202747,0.0216908388815465,-0.0129367598731603,0.00285374834423973,0.0119354093802117,-0.0400169688676085,0.0134179244438807,-0.0313496243297344,-0.0115109114419846,-0.00618199280108369
"ALX4_Gain",-0.00630127990538357,0.0128408942851552,-0.059939791499837,0.0220221895381717,0.00904786443349225,0.00465243364587152,-0.0238658878609447,-0.0175317214241971,0.003563676103721,0.00653796297915143,-0.0100038086572673,0.000654382848300817,-0.00484397801702008,-0.0294418869300123,0.0271072251025153,0.0149342666660076,0.00537125752564588,-0.0212942460563285,0.00214975858050073,0.0129532706552397,-0.0334050492183562,-0.00896161680389767,-0.0257536759999998,-0.0133264112326265,-0.0115289483562203,0.00372056745312697,-0.0327266653074077,-0.0423502994278457,-0.0053799249048979,0.0057220620908803
"APOBEC3C_Gain",0.00501339512054252,0.0153650227717306,0.0578229732062451,-0.0143843427221611,0.0222503020718851,0.0541795256040084,0.057523079689533,0.00210991858568772,0.000992677046390122,-0.0221240389008055,-0.0408926773520689,-0.00744140358079994,-0.0109237490428819,0.026298791347515,0.0260142868867627,0.0305849422636644,-0.0391169403280531,-0.00386343884562689,0.0365956615380667,-0.0112220777996949,-0.0342232501380658,0.000151634571098146,-0.0123221971705635,0.00416225147625757,0.0385604846099066,0.0196648729501893,0.00537025352949819,0.0410537054299047,-0.010265084259488,0.0103875173541604
"APOBEC3D_Gain",0.00741879395967306,0.00924601113033849,0.0992103325073109,-0.0154266103755596,0.0157505813119716,0.0571400890170142,0.069437973929006,0.0135256578929202,0.0144629228990092,-0.0255222090974797,-0.0189690394197093,-0.0298383910728748,0.00672230779431587,0.0194498704789683,0.0178231352290442,0.017170968790387,-0.00339861803276594,0.023829964392407,0.00795483539357435,-0.0243888869448457,-0.0301520785966585,0.0226766459470571,-0.00386323616081892,-0.00753530762916388,0.0403258289881917,-0.0211930602962194,0.0317304909229279,0.0569517956743407,-0.0174875834826813,0.0128097166675468
"APOL2_Gain",-0.0022782695934523,-0.00055585763698747,0.0125624481588602,0.00424739683783332,0.0218180538328408,0.0200591000273477,-0.00955682338843512,-0.00176786699570542,0.00213466112523578,-0.00391159197965334,-0.0130998506779284,-0.00179343891524991,0.0016379390171794,-0.00592044522162787,0.0139899499887644,0.00920705581733654,-0.00280590446362662,-0.00896960245661957,0.012323324709351,0.00948252434826045,9.28364001041235e-05,0.00994123232572578,-0.00839745672419667,-0.0097687947888707,0.0187253292953206,0.024665390033015,0.00799653471209282,-0.01041787663518,-0.00476883895435305,0.00926395902020294
"ARHGDIB_Gain",0.0412021280355649,-0.0128538142613318,-0.0605660378932953,-0.0201361212011886,0.0243472615044275,-0.0407317031821296,-0.0179772217115855,-0.0258371391371913,-0.0187860161712453,0.0194053361490029,0.0508905182843475,0.0797265327395233,-0.0380635860303766,-0.00934356638149584,-0.0168536538811035,0.0408165613827232,0.00174741198619207,-0.0394907109269268,-0.00351116521343521,0.0239303490427667,-0.0466713416283806,-0.0202284250153254,0.00424292664039353,-0.0358604845935351,0.012267332626124,0.0121341373380189,-0.0443751129521627,-0.00798315282689926,0.0275747314027455,-0.00401093792085234
"ARID1A_Loss",0.00271165253718694,-0.00478013072411219,0.0169674855818351,-0.0063194211324056,-0.00791644110282262,-0.00427082199851672,-0.00178763543566068,0.00352140049139659,-0.00134770155946414,0.0033008954624335,0.0124177716324727,-0.00482171316941579,0.00445823623736699,0.00216027271747589,-0.00528503229220708,-0.00527547018726667,0.0137370536327362,0.00675851500034332,-0.0128491598467032,0.0020165188908577,-0.00355430771534642,0.009047023832798,0.00212145525217056,-0.00184984715779622,0.000741845001777013,-0.00801575024922689,0.00448744058609009,0.0075491703748703,-0.00885398538907369,0.00504064024239778
"ATF6B_Gain",0.00326615763718591,-0.0029195135952357,0.0291242915041306,0.00600470777820138,0.00220578109078548,0.00265874669832342,0.00146021518637152,0.00844239939332885,0.00776811722008621,0.0015650835035451,0.031750423806336,0.00750434793093625,0.00859847637441228,-0.012313976062133,-0.0109878327861867,-0.0108072786756298,0.0210722566527479,0.0274408025776639,-0.0281785922672819,-0.011263796580298,0.0134381853482303,0.0157294058898354,0.00672548406702631,0.00747711342923781,0.000286218381541617,-0.0213572467293809,-0.00268894850331194,0.00759552293183172,0.0116030958426349,-0.00279758680228363
"BATF_Gain",-0.00490406174212694,0.00274158756714314,0.0308643864095211,0.0163839885592461,-0.00644692614674568,-0.0047192919254303,0.0222335486859083,0.00660829834640026,0.00923960167914629,0.0017624753259588,0.0153993877395988,-0.00910944508388638,0.00501496728509665,-0.0162041158229113,0.0022223256714642,-0.0195912349969149,0.00424846768379211,0.0320172753930092,-0.0178813452273607,-0.0145473523344845,0.0132541947066784,0.0191750681214035,0.000526752881705761,-0.0051096498966217,0.00641156461089849,-0.0230102022737265,0.000260092616081238,-0.00990088883787394,-0.00269686169922352,-0.00183672978542745
"BICDL2_Gain",-0.0144525864641136,0.0131764586092873,0.0143878601887495,0.00469336874065209,0.00996154280026688,0.00629206234434514,-0.0131306952465808,-0.00579145371889157,0.00989347835229184,-0.000304998755702545,-0.0106797821361856,-0.0229674625114547,0.0154332759421925,-0.0253322558397074,0.019123163334159,0.0208260412776589,0.0354074019926331,-0.00258385305883877,-0.002524643359811,0.0113455739701507,-0.0448249861895048,0.0160065284153552,-0.0232173081586428,-0.0465505369675912,0.0100870889138146,-0.00754118553576279,-0.00976354908507528,-0.0155954450566903,-0.0197505068058686,0.0130777311235963
"BTLA_Gain",-0.0173431078835232,0.0120884728595251,-0.0182279441687392,-0.00554698996427583,-0.00831899533911449,-0.0081816383160469,-0.00798664684577777,-0.00151438642202354,0.00863770227879286,-0.000666413560691403,-0.0105871485500801,-0.00170108763183035,0.00689391036767785,-0.0138871703569482,0.00616805077326007,0.00386837669988958,0.0159848559193495,-0.00443871284766895,-0.00616116225719452,-0.00997885509007951,-0.0236132622673744,0.00272207332820427,-0.0077461566140012,-0.00489416413190888,-0.0031505237265331,-0.0214530614488645,-0.0123676846667034,0.00113863656070174,0.00456726649185506,0.00654279845880299
"BTLA_Loss",-0.00577736506521485,-0.000371486555110496,0.0153909306860057,0.00828885593941551,-0.00531719019353607,0.00197342673219279,-0.00417301035005224,0.0032680757266819,0.00481924197137501,0.00136678684887591,0.00238580551826795,-0.0121307724120405,0.0101335427179516,-0.00530813254171559,-0.00163050596110007,-0.0022130619195875,0.00977884046507056,0.00738068756037465,-0.0080631625038523,-0.000232558018490581,0.00416026334306576,0.0132040860785459,-0.00159226051947036,-0.00219193473910938,0.00218384566502974,-0.00348054212976342,0.00573180999747169,-0.00175664534980153,-0.00532104634427503,0.00749930236737537
"C10orf54_Loss",0.00279585941280246,-0.00161968386917083,0.00791636554062464,-0.000945832684318029,0.0003238347021034,-0.000523054690906175,-0.00333983969548947,0.0013438956552049,0.00396367714530827,0.00504728235848774,0.00232536099814429,0.00150258180934612,0.0038653768366585,0.00365383012835028,-0.00182484193094845,-0.00237015457992092,-8.68283811656908e-05,0.000336315440035414,-0.000929862536086238,-0.00548993241904404,0.00398918653246511,9.26937742773535e-05,0.00107021533160766,-0.00120138662006272,0.00370463262478804,-0.0030511878797867,8.7719392306699e-05,0.00327296968555607,0.00265641240112496,-0.00270218994431748
"CALML3_Gain",-0.00517075677236466,-0.0016908037527273,0.034901426467177,0.0106488992906597,-0.00496307760477066,0.0179048153023197,0.0020699192808099,0.0082833942995496,0.00734984736940632,-0.00488563759207777,0.0117318940489259,0.000285947465733306,0.00711622420851498,-0.000783263003989442,-0.00503995052653633,-0.0121997842335538,-0.000395318416699971,0.0150633021576764,-0.0108366875513776,-0.00965199004603575,0.0262006301790068,0.0158526532045782,0.00812512625978418,0.014132656463205,0.00761028185282668,-0.000483383054602636,0.0126307010650635,0.0148540383638584,0.00264266480321754,0.00327071917485701
"CBLB_Loss",-0.00304888905798722,0.00248029094796691,0.0142135649711039,0.0154063181357952,0.00583327865259781,0.0193760934378725,0.00947812872818714,0.00727128663945517,0.0141511140141971,-0.00134496557143338,0.0124804253832702,-0.00423196534605792,0.00622259226339867,-0.00900783723360721,-0.00479378831321306,-0.00487105187635932,0.00595990998031449,0.0139222769769149,-0.015647389479616,-0.0133880879231468,0.0136237925744486,0.00768211083328057,-0.000991169181980936,0.0130812203797111,0.00553434755009601,-0.0129637707323924,0.00431927012556081,0.00642092485171165,0.00987070985591615,0.00066009830624554
"CBY1_Gain",-0.00501757987656776,-0.000500774807722519,-0.0130113570299824,-0.000398866019066104,0.00345201349396885,6.38795637451442e-05,-0.00446505468767301,-0.0052755046031468,0.0042613785120502,0.000271558800058379,0.00209807797409264,0.0121985341430502,-0.00199564750743123,-0.0128035770844569,0.0070344689453246,-0.00322803843403812,0.0191318875392981,0.00577781997774906,0.00297615165852428,0.00212071937094044,-0.00144608683642385,0.00278107901062586,0.00301719994825424,-0.0387376896751314,-0.00332451026040544,0.002520231568532,-0.0135095379257624,-0.0118084718476003,0.00330252353112958,-0.000664418107200864
"CCR10_Gain",-0.00185572789550501,0.00535140956862498,-0.00742880477028041,-0.00929646825386306,-0.00612202507712073,-0.0142530281265072,-0.00139918072362257,-0.00261328773215245,-0.00920139802461964,0.00281121110343664,-0.015448001986843,0.00723186429947783,-0.00301087491929868,0.00558067348885671,-0.00280336656812894,0.000675506258414964,3.68097407669671e-05,-0.00821329417538508,0.0125144661567305,0.00406884928207613,-0.0178561253146937,-0.00800008716135375,-0.00399341312168682,-0.0221323495530813,-0.0038729078941426,-0.0012969587926916,-0.00591004787191833,0.00117137304133615,-0.0044123418944872,-0.00233092412647218
"CD200R1_Gain",-0.0208994474062938,0.00406197051140871,-0.0435107009243647,0.00178177620618398,-0.00125153715373906,-0.0222192746338271,-0.000261024336902894,-0.00248587645416127,0.00889198389615266,0.000959261030826064,-0.0238848403096199,-0.00429694035325114,0.00701952569243562,-0.016751614093553,-0.00275811228815836,-0.00441565964626902,-0.00760877359914416,-0.00732297818567462,0.00299720699323043,-0.000228779617952936,0.00327071793491149,0.00657807587724151,-0.00200486695038453,0.0176666595098627,-0.0152903709645945,-0.00759143052437833,-0.000660886063830543,-0.0100316744553679,0.0147423725433022,-0.00443233590829008
"CD247_Gain",-0.041055291102213,0.0213976662825136,-0.0330091653647376,0.0833408559069914,-0.00870835319179676,-0.0464549987923865,0.0122588966699208,-0.00530682299651352,0.0260037255053427,0.015258147216895,-0.00787629044669516,-0.0139609364317913,0.0149459156043389,-0.0911480744387589,0.0430323936483439,0.00533520371890536,0.0514235520771905,0.0263321230808894,-0.0208713590952696,0.00482286673641818,-0.0416565462362532,0.0148760372809335,-0.0485641930471448,-0.0287930676750108,-0.00114841916981865,-0.0473385118532415,-0.018755585305831,-0.0691086737256424,-0.0182898752610473,0.00816779816705807
"CD27_Gain",-0.0460684766540252,0.0170851417639074,0.0817645938762749,0.0320820662961063,-0.0308332325745083,0.0125873794452662,-0.0323069599045225,0.0103896658503974,0.0243732009019955,0.00634407307358971,-0.0322807041067348,-0.0811499844479608,0.0410152908963749,-0.0350498282888615,0.0314328585977692,-0.0288551846478298,0.0791767701150412,0.0447536162972688,-0.00249167055863724,-0.00118411867415525,-0.00931669252579549,0.0555206029212095,-0.0355729086072262,-0.142831589952408,0.0129181396854351,-0.0233066349820905,0.00472236080354903,-0.0355450436992356,-0.0556667541725138,0.0106951255514565
"CD28_Gain",-0.0261405957655774,0.015162636538864,0.102324118444489,0.0274575309620963,-0.0162881174486958,0.0531458296295669,0.0366323772403929,0.0188380000802378,0.0264215304567996,-0.0144711908159984,-0.0171853976738122,-0.0545663405623701,0.0329773324231307,-0.0138378161730038,0.0225174174126652,-0.0280969724473026,0.0374450748165448,0.0556865728977654,-0.00412676276949545,-0.0197870501213604,-0.0115429951912827,0.04613293144438,-0.0205533612416022,-0.0601045431362258,0.0219876415406664,-0.0257339927471346,0.022339686503013,0.00539875274731053,-0.0406937030247516,0.0149686088371608
"CD2_Gain",-0.00548027940960818,0.0016716464328789,0.0349202048062354,0.0187147951634355,-0.000591858351502077,0.01440942304772,0.00965510889194732,0.00564265769523706,0.0174908594286084,-0.000791687908214192,-0.00176253012388714,-0.0169358905332611,0.017801418929368,-0.0138783535609643,0.00725348238912664,-0.00324785094996986,0.028476146302482,0.0236018072496089,-0.00985497464750742,-0.00506231396697288,-0.00336274189888969,0.0247422463383323,-0.00868781198307063,-0.0403241872094398,0.0084069598350645,-0.00748276363971621,0.00823004971178927,-0.00228574409965397,-0.0119984034365837,0.0105402026209951
"CD3D_Loss",0.0191217851127691,-0.00193920471044122,-0.0065242021214127,-0.0125330665693191,0.00187171014826655,-0.0175436995968511,-0.00266514748226905,-0.00202302039029518,-0.00570551970982609,0.00323345408446475,-0.00309148604491195,0.021008732094281,-0.0169335673540687,0.0132973351772281,0.00861102549566163,0.0124147153832918,-0.0125084283991136,-0.0118637607941305,0.0144868102914469,-0.0017222486940271,-0.0122962614638362,-0.0163774341344833,0.00204534591108129,-0.01096697072476,0.00895278590420882,-0.0054988196650565,-0.00811972760635874,0.0128038033195164,0.0110538064857612,-0.00696562400429649
"CD5_Loss",-0.00704489520741478,0.00476151791026786,0.0208854501842587,0.0112994443435973,0.00296702896648983,0.0188179895665675,0.0069169199286118,0.00482715315662638,0.0100858129874542,-0.00249006082432234,0.00759027051605576,-0.0181314129441847,0.0112791432524627,-0.00862933474718573,-0.0052948526291958,-0.000615914761803839,0.0112289095781365,0.0176719847974653,-0.0155587331736555,-0.00545530613236054,0.00392050667110349,0.0134422658835855,-0.00352051826018207,0.00337909389130436,0.00465320010165345,-0.00578838139123598,0.000782144216736792,0.00414297872470321,-0.00342446155792051,0.00663215994256371
"CDK1_Gain",-0.0166812157434113,-0.00828434779958905,0.0294140398783504,0.0277846382474,-0.0203864678459347,-0.0245682414410249,0.00932459462926073,0.00899770195191761,0.0176905032317593,0.00912191725406304,0.0317448235626491,0.00619516848533783,0.0124549671023522,-0.0127928553605979,-0.0270604015029264,-0.033307968867275,0.0317093465688094,0.0332933799275812,-0.043635044668643,-0.0193453974986695,0.0449566301309837,0.0222343089023851,0.0121320247087839,-0.00272489718671115,0.00889858891660312,-0.0333709932582558,0.0126303271302637,0.00504035910345473,0.0244016792133169,-0.0143654361050927
"CDK2_Gain",-0.0191464473959059,0.00983845623559318,-5.28742559254169e-05,0.0273138225078583,-0.00853233030065894,0.0164431260898709,0.019980592885986,0.00159478571731597,0.00879026346374303,-0.00340472824609606,0.015338077233173,0.00415263412287459,0.00770978629589081,-0.0204112395411357,0.00646082796156406,-0.00715136844664812,0.00296460390090942,0.0158301290124655,-0.0159424229990691,0.000509961531497538,-0.00213214065879583,0.0121864746557549,-0.000196431251242757,0.00884866714477539,-0.00182614461518824,-0.0151410216465592,-0.00455739051103592,-0.0134461694862694,-0.00163889797404408,0.00196486683562398
"CDKN1B_Loss",-0.00571556553080842,0.00333093911573127,0.0084925412190157,-0.00392111225442572,-0.00486865654423997,-0.01434491092114,-0.00151948897720693,-0.000960388644547253,-0.00211307126414645,0.000483760710519094,-0.00991890396472517,-0.00753343527788644,0.000524084515623994,-0.00571644982466331,0.0051262603192539,0.00397715278706708,-0.00411185245592516,-0.00302656140628752,0.00229910591637695,-0.000245857271519336,-0.00733958704519894,0.00596984253152386,-0.00389234105964283,-0.00438515694586785,0.00398445251796927,-0.00709881608957773,0.00455234096600459,-0.00125173672542467,-0.00734690977976872,0.0048265260838709
"CEACAM1_Gain",-0.00648160601655642,0.0126909209208356,-0.0222518689930439,0.0327752144800292,0.0117980766317083,-0.00966497840773728,0.019892718270421,-0.00630036344130834,0.0131946144159883,0.00022099767294195,0.00610044625484281,0.0019799353968766,-0.00314629657400979,-0.0330779206628601,0.0016236923635006,0.0237403342603809,0.0279042397108343,-0.00374028119775984,-0.0135740819490618,0.00352722268758549,-0.0313605963149005,0.000661642559700542,-0.0248504478691353,-0.0385638276735942,0.0159050008902947,-0.0195132942663299,-0.00239231197370423,-0.0166089718126588,-0.00756807541215999,0.0104318835669094
"CLIC1_Gain",-0.0154445447488544,0.00418555659731639,-0.0290951305213048,0.038204550743103,-0.0107730282182546,-0.0304073609181286,0.0237331040894862,-0.00338183842676202,0.00306245018296021,0.00444928729983488,-0.0070988947583228,-0.0112954956508174,0.0034128638349243,-0.0183772514238186,0.00612480525580264,-0.00464959918838186,0.00452276572738726,0.00867245876297508,6.43695214974511e-05,-0.00541601646883586,0.00187694726838279,0.0101931445953465,-0.00213705087752686,-0.00573666931427631,0.00513432770199382,-0.0148456356267339,0.00741617796347313,-0.0281324025205116,-0.00926036403043983,-0.00512399531171187
"CNR2_Gain",0.00679681773739632,-0.00574505209816174,0.0199938988444781,0.0257377677694314,0.00448274061472629,-0.0135688967626504,0.0153238447978842,0.00212606563160716,0.0106547937982462,0.00754426330679193,0.025390960501902,0.0206314523199492,0.00972173681564203,-0.0278717058299969,-0.0181655257388398,0.00539001655021701,0.027409986113057,0.02275662558147,-0.0489930603026039,-0.00747788655383494,-0.0093808529352901,0.0183161117312081,0.00567774690361537,0.00192526123339078,0.00792445385395879,-0.0259652948414637,0.00287666470314116,-0.00464736243791452,0.00955137981710209,0.00450821854299568
"CRLF2_Gain",-0.0158698710799217,-9.47893969714642e-05,0.017801483720541,0.0318523544073105,0.0088121734559536,0.0121781897544861,0.00498820453882217,0.00768948685377836,0.0162160060554743,0.0053919795085676,0.0119555249065161,-0.0108669931069016,0.0138598057627678,-0.0169636031985283,-0.00473058816045523,-0.024001661464572,0.00738982141017914,0.0211182546615601,-0.0178262832015753,-0.00485767144709826,0.0192366424202919,0.0213577585294843,-0.00604127049446106,0.0342088758945465,0.0136954496055841,-0.0150927787274122,0.00796525299549103,-0.0138129734247923,0.00996035650372505,-0.0117857136577368
"CTLA4_Gain",0.0310754756564679,-0.0136187792472217,0.0387972754871716,-0.0107042750586634,0.0193851705154647,0.0193982815531933,0.019730050807677,0.000930202072081359,-0.0037991116228311,-0.00330539927412958,0.00607504165204971,0.018622986972332,-0.0385718146420043,0.0285664618663166,0.00941096343424009,0.0207106524511524,0.00055066528527633,0.00920151481809823,0.00587749497398086,0.0159043007651749,0.0409863694854405,-0.0196986332859682,-0.00416100446296775,-0.023250224797622,0.0266467406535926,0.0370253905522354,0.00416080070578534,0.0322142058740491,-0.0157230789570705,-0.0116169423917713
"CXCL12_Gain",0.00548093410001861,-0.00272200871258974,0.00676131861077415,0.00143863691223992,0.0138651511735386,0.0297206660111745,0.0221976604726579,0.00566412342919244,0.00859750807285309,-0.00619707755071835,0.0160379816674524,0.0212731008728345,0.00430452624956767,0.0116598375969463,-0.0262858141213655,-0.00241681188344955,-0.0141631470786201,-0.0123197638326221,-0.0110906807912721,0.000403690876232253,0.00919992062780592,0.00624510881801446,0.0100333341293865,0.0487799843152364,0.0110602476530605,0.00252171912127071,0.0216501686308119,0.0118877305752701,0.00824972556696998,-0.00118910562660959
"CYP27A1_Gain",-0.0167856496807776,-0.00585104566753695,0.00300779193639755,0.0306286098141419,0.00345650178037192,-0.0183495528211719,0.0173316813613239,0.00511861117066521,0.0107046312799579,0.00708451200472681,0.000535328039213231,-0.0188150038501542,0.0176651383701124,-0.0227976431579966,0.00433655534135668,-0.0134876548851791,-0.00942854112700412,0.0160883186679137,-0.0219659619033337,-0.014944370762494,0.0173782306282144,0.0184346097276399,-0.00361636643739123,0.0652928195501629,0.00652121311347736,-0.0166131406042137,0.0248691816078989,-0.0178724448931845,0.0106513868821295,-0.0128307377576436
"DBI_Gain",-0.00422180386689993,0.00477934691768426,0.012001756635996,0.00967833674871005,0.0102407574653625,0.0234802324038285,0.0197314939246728,0.00579844567065056,0.00414387194009928,-0.0119476189317468,0.0121420134432041,0.024473581262506,-0.0194729753411733,0.00384451276980914,-0.0187591197398993,0.00584292153899486,-0.0096656858921051,0.00496155161124009,-0.0223205490754201,-0.0187532897465504,0.0133232792982688,-0.0097207893545811,0.00458524078130722,0.0251572196300213,0.0139716476202011,-0.0245197950074306,-0.000813635954490075,0.0348682650006734,0.0282255102808659,-0.00682613606063219
"DCLRE1B_Gain",0.0306015014648438,-0.00942736049182713,0.0177942782640457,-0.034059602022171,-0.0029976449906826,0.0329603791236877,-0.0385702304542065,-0.00328772533684969,-0.0134089011698961,-0.0121838772669435,0.00404609888792038,0.000621467083692551,0.000233737006783485,0.0773137666285038,-0.0280574319884181,-0.012556566670537,0.00572878122329712,0.00717764496803284,0.00851275250315666,-0.0321086091920733,0.0401881664991379,-0.0116618053987622,0.0321248583495617,-0.0421637177467346,0.00301250144839287,0.0326432883739471,-0.00710877776145935,0.0494733363389969,-0.0105355091392994,-0.00501632448285818
"DEF6_Gain",-0.0178982892479652,0.0110560855231224,0.0482314291481788,0.044036044829931,-0.00688209333576453,0.0303012123856789,0.0199096200175774,0.0183777983085467,0.0337267715818225,-0.00508874462774167,-0.00205888733840906,-0.0322372537870438,0.0263910948466032,-0.019702796657116,0.00308135992441422,-0.0222282455135614,0.0461143239950522,0.0330259357507412,-0.0130428728862451,-0.00973120125440451,0.00830832353005042,0.0412423940805288,-0.0166842433600089,-0.0549330485172761,0.0203308021601958,-0.0247887396659607,0.00445108046898475,-0.00312501975359061,-0.014685172551813,0.0123041367206054
"DEPDC7_Gain",-0.0396361571983394,0.0124320714041973,0.040376907453323,0.0478862623373667,-0.0241810493808017,0.00529503331989305,0.00375299270336445,0.0115142149580085,0.0278390458920318,0.00738085026287625,-0.00132978132838367,-0.0476445611725506,0.034165240251101,-0.047248366742562,0.0248108184617809,-0.0365523716004995,0.0551074567513588,0.0429081635979506,-0.0246805434282391,-0.00627225026106223,-0.0112855940038322,0.0420022250877486,-0.0307538883808332,-0.0312880170650971,0.00561891002660124,-0.0397040225947515,0.00414858338160393,-0.0364889817742201,-0.0229400438216762,0.00397139039431882
"DGKA_Loss",-0.00417004921316833,0.00330770904965916,0.00161427130299936,0.0118750465522529,0.00248507740743676,0.00500299643778097,0.00215065165958524,0.00304056225496392,0.00527340832403906,-0.00105118052232885,-0.00473268069856276,-0.0116869549231469,0.0024147783931994,-0.00761359401754951,0.00666848764592529,0.0021373607140249,0.000872372444120021,0.00420940207093174,0.000830532753075248,-0.00551204846178585,0.00524032120011251,0.00543684872367441,-0.00611387748792266,0.00249318436356561,0.0049950760387291,-0.00431193863846245,0.00385139241714306,-0.0023605692226136,0.000566966424883526,0.00326230583563391
"DGKZ_Loss",0.00206042571217878,0.00444518962333388,0.0166685441971248,0.00239783440921324,-7.57671205710012e-06,0.00757292356236395,0.00759743661983005,0.00285399516925533,0.002147369542496,-0.00378553072116107,-0.00283710222942292,-0.00114226951561076,-0.000161299230993217,0.00231584087542608,0.00102048716012468,0.00533830616887368,0.000859202116939193,0.00495083352669756,-0.00180398117988668,-0.00219600196557899,-0.00493957591821037,0.00252617768784787,-0.00244320293637455,-0.00404855460985333,0.00681012397605582,-0.00104525789671333,-0.000560517218096036,0.0083757673410025,-0.00410729341525981,0.00599659875642957
"DUPD1_Gain",-0.0114944480035616,0.00373930167927413,0.0126867863980139,0.0287335200339371,-0.00630132627228032,0.00510786626464832,0.0229600445592996,0.0107626451746277,0.0132739361815201,-0.00281589534798903,0.0131149185092553,-0.00211082099826995,0.00544391017152656,-0.0164144362398186,-0.000937764746894748,-0.0141953580220294,0.00541800519694453,0.0254921666953875,-0.017977418250734,-0.0151169724727732,0.0215804718018319,0.0131324398799898,-0.000188939250218942,0.0137683575197777,0.00425475509548039,-0.0226342980720982,0.0043082540820104,-0.000219597579529567,0.0074405930704952,-0.00441893846120523
"EMP1_Gain",-0.0119152171806448,0.00458559753087947,0.0404666574359629,0.0222321457601007,0.0102108043882285,0.0290216545364416,-0.0137486268760841,0.00435164182129278,0.0177552154761432,-0.000926627185346419,0.00481684803639705,-0.0302585576892416,0.0254232718291655,-0.0201134947532346,0.00561915118398005,-0.00337426625784336,0.0451493972126459,0.0109692828546714,-0.0173843438667111,0.00109625880934858,-0.00940147791639229,0.0329315085933043,-0.0172930307729396,-0.0404705330298815,0.0152004060330074,-0.012200477043156,0.00676583765731382,-0.0127109730067108,-0.00945731394552771,0.013715063916207
"EMP3_Gain",-0.00489038579604205,-0.00256989810469688,0.0333544243273197,0.0135484095297608,0.00363365011107104,0.0247762360993554,0.00037269440351748,0.00846442786574948,0.0152360929705787,-0.00268208513438117,0.0129144663539003,-0.0167414582170108,0.018723979022573,-0.00821008768443968,-0.00410679334811136,-0.0129897171120141,0.0244312618877373,0.0143644644057049,-0.0132798030862913,0.000537784549170265,0.00554789272593517,0.0289772293731278,-0.00438793119335291,-0.0217318694381153,0.00977130833940179,-0.0070349616309007,0.0139130006233851,-0.00502709807718501,-0.00705021802135104,0.0106904414573721
"EOMES_Gain",0.00605171149776828,0.067233827345634,-0.0469490890140815,0.0205152021941318,0.0562799795260352,0.0311218610694332,0.042074122015507,-0.0428085150898144,0.0141066078557282,-0.0254920964599938,-0.0360191569974025,0.0241995419385613,-0.0214646062062633,-0.0761350901216589,0.0496464919659399,0.172516462943887,-0.0290126258968025,-0.0782816594326368,0.00897654274138071,0.0337415923594788,-0.182427072236615,0.000546428064505259,-0.053154426937302,0.036978829291559,0.0509492694450322,-0.0187000929107589,-0.0718808337565391,-0.00106583159136516,0.00999808787638622,0.0633791899809273
"FAS_Gain",-0.0153926277050266,0.00966868520929263,0.00321782031162852,0.00210989132905618,-0.00757874272487782,0.00158091305497705,0.00786040049076791,0.00418035977352888,0.00992895133177779,-0.00470933871094318,-0.00824094118492046,-0.00468256662034581,0.00284544998339438,-0.00821854973323325,0.000821555930155295,0.00111059978222236,0.00953400644481692,0.00155579222318454,-0.00759917985849571,0.0030827269653267,0.000457564575804605,0.00356878916549886,-0.0114210190893578,-0.00657012693562739,-0.00120398881938043,-0.006747196393321,-0.00678965109705585,0.00746051098970946,-0.00687615070332829,0.0106755732439267
"FOSB_Gain",0.10753643406289,-0.0584526977368763,0.187629319727421,-0.0705445323671613,0.00579249539545604,0.0868722285543169,-0.00337141007184982,0.0354218506919486,-0.011444236018828,-0.0170045972668699,0.12628663544144,0.0540363751351833,0.00991765516144889,0.117727519678218,-0.098167803936771,-0.0402967812759536,0.00797691941261292,0.0689334273338318,-0.0521205291152,-0.0273730967726026,0.0522456701312746,0.0416513620210545,0.0956395774015358,0.0260829074042184,0.0244797505438328,0.00251914720450129,0.0431785328047616,0.105791869972433,0.0589115342923573,-0.000430021967206682
"FOSL1_Gain",-0.00101192980199247,0.0113342799380556,0.0643267415396802,0.0130246617235579,-0.00216747323671977,0.0414786787183435,0.0315639997522036,0.0106125353323715,0.0169135454102411,-0.00901166173453267,0.0304744488618395,-0.0193004080069226,0.0261258517165442,-0.0208962496940617,-0.0206545543697503,0.0275332936429763,0.029856331176586,0.0104314509007308,-0.0448709784478352,0.00149344568988224,-0.0340782228085372,0.0415895128169575,-0.00561135503891352,-0.00671481307562407,0.0248354898581097,-0.0292074019844468,0.0111101410678915,0.02453508926136,-0.0116589839805153,0.0384031644611208
"FOXD2_Gain",-0.0325091947729771,0.00753979884947722,0.0490660131264191,0.0484317981279813,-0.000240513832809833,0.0157476243491356,0.0401957784134608,0.0126304023111096,0.0392091603089984,-0.00368381361835278,-0.0198489153614411,-0.0452910088862364,0.0352895230627977,-0.0417532744315954,0.0153390048788144,-0.00324090853906595,0.0329779647863828,0.037313224375248,-0.0269947918275228,-0.0128532184717747,-0.00138195558236195,0.043565864689075,-0.0187266048903649,0.0148766503884242,0.0193801239992564,-0.0356174499656145,0.0391605387513454,-0.0124638341367245,-0.0142691447184636,0.0111638134775253
"FOXL2NB_Gain",-0.0362354733147904,-0.00739258022880868,0.0217409846617987,0.0357187407973566,-0.0404183018637061,-0.00406571153526832,-0.050108924115959,0.00794454773054703,0.0206451877755554,0.0242001405966125,-0.0183731947388304,-0.0746853184690209,0.0256534369270268,-0.0177339383548028,0.0121710438183264,-0.0792761294747164,0.121605016585243,0.0542595081619526,-0.0233904894036976,-0.0327772685590102,0.0805734549894145,0.0373639512905165,-0.00280016682747948,-0.270182282124695,-0.0290718660199721,-0.0306281704994801,-0.00597993500138584,-0.0378187084570527,-0.0383814401636635,-0.0272361973521153
"FOXQ1_Gain",-0.0114209126900224,0.0167681153124089,0.0678994331947144,0.0199433114598779,0.0116102488382774,0.0484318595160456,0.0419407300212804,0.00645355288596714,0.0374042218003203,-0.0120137349866769,-0.00838762528317816,-0.0314162939567776,0.0311356562463676,-0.0290221653440419,0.00810405129895491,0.0171794254332781,0.0382632755181369,0.0186019795344156,-0.0305303173523177,-0.00794489817584262,-0.0375625014743384,0.0417017307351617,-0.0206041565603193,-0.0401815424947178,0.0249271119999535,-0.0307771603193353,0.0189292544827742,0.00849488802692469,-0.0156625053790562,0.024433724384974
"GATA3_Gain",0.00870293939626345,-0.0112694673120014,-0.060910251632493,0.0224123039553242,0.0233004689016329,-0.0620822763691346,0.0271625082178782,-0.0130929266533224,0.00205607888519123,0.00977574629328584,0.0251600976272296,0.0615658191863888,-0.0173712152466979,-0.0385717012548959,-0.00241412574885994,0.000238860576784098,0.00304551046061259,0.00217400411123871,-0.0194268631999211,0.00285102040456828,0.00882521303751135,-0.0201192451741106,0.00213108169696023,0.0151121847091183,-0.00451415829280371,-0.0122660812270898,-0.00567827990619085,-0.0416504112623071,0.0289289055452231,-0.024252392111286
"GPD1_Gain",-0.00156427874014928,-9.7450685615723e-05,0.0318071469091452,0.0242710017240964,0.0100890647906523,0.0216048897458957,-0.000809145718812942,0.0147753932155096,0.017312935883036,-0.00251919159200042,0.0279763383934131,-0.014187984698667,0.00581755758478091,-0.00722114062653138,-0.00373284925635044,-0.0233652387674038,0.0169203015474173,0.0215125065583449,-0.0209464227350859,-0.0274803667114331,0.0380093212311084,0.0134292237460613,0.00265957575577956,0.0131304484147292,0.0117316013345352,-0.0181995645165443,0.00497418137697073,0.016118512990383,0.0269966361614374,-0.00272337840153621
"GPN3_Gain",-0.0314536912130638,0.0190453137940084,-0.00627704216560847,0.0626772239174641,-0.0103961940802319,0.000456847355399333,0.0328756537235958,0.0091342601767728,0.0133768812766377,-0.0139093067067426,-0.00477673273376176,0.00109449840924689,-0.00310793272416357,-0.0371212354848083,0.0169609527720112,-0.00828033234451858,-0.00252957747016155,0.0194654301018782,-0.0072463049330342,-0.0182010900412857,0.0249655457659506,0.00290781343486947,-0.022722604461539,0.0138473191731413,0.00605046276895093,-0.0257024189431063,0.0167927418796109,-0.013971399620805,-0.00260930350968536,0.00310674173311448
"GRAP_Gain",0.0574958505999308,-0.0308510414174488,-0.101336210212312,-0.0572997793948545,0.0381943410606591,-0.0652331208367764,-0.0209255468023837,-0.0366838971464253,-0.0298579829578394,0.0193352194180674,0.0700171540636034,0.162787685640528,-0.0684626402655655,-0.00343787121720328,-0.0220189343405959,0.0417974553101005,-0.0257269700994589,-0.0478032691256741,0.00447827424373357,0.0348656420081122,-0.0397397440221827,-0.0490307413544123,0.0324898599769887,-0.00771244967088671,0.00942758136480784,0.0403941416364611,-0.0561721830511373,0.00505974124079226,0.0623281861715499,-0.0232974999636149
"HAVCR2_Gain",-0.0189950789354708,0.00797220788998147,-0.00430343479564473,0.0139240939595384,-0.00162078494622827,-0.00165093529408109,0.0170712631826234,0.00956576274278399,0.0129689573221011,-0.014102389787209,-0.0215861806348306,-0.027474677317763,0.00556835379094294,-0.0152875589521508,0.00571445120524054,0.00200705471784557,0.000581079830317737,-0.00128875176111857,0.00384557287986964,0.00475297624151728,0.0171161228493196,0.0116965165999654,-0.0125065339074287,-0.00394034902799075,-0.005226845066297,-0.00712041295405698,0.0098772406169813,-0.00164830536670881,-0.00894334119612768,0.015454689261916
"HAVCR2_Loss",-0.000154014224488934,-0.00128351480256649,0.0128575573442821,0.00267329287561518,-0.00197822469481017,0.0058236301026598,3.4640236957174e-05,0.00383531355577309,0.00284968728471502,-0.000367336809929933,0.0072970815018165,-0.0011390766781967,0.00113632263664009,0.00272554486461421,-0.00171251502523318,-0.00795055644289371,0.000508451811450891,0.00686428548531838,-0.0053372456861144,-0.0120380879729214,0.00929770974879436,0.0025406120113754,0.00469156710423356,0.00116744893634791,0.00416757591770095,-0.00935549539543109,-0.000326973069738724,0.00351635059710252,0.008980386274248,-0.00190207832410301
"HELZ2_Gain",-0.0118581139792999,0.00511340899392962,-0.0334893487393856,0.0440146381656329,-0.02229829885376,-0.0339204183469216,-0.0115665920078754,-0.00537682361900806,0.00655752030822138,0.0303059657414754,-0.00611151010574152,-0.0211414793195824,0.0253022776295741,-0.039439960444967,-0.000956614439686139,-0.0200032913436492,0.0592804491519928,0.0126354315628608,-0.0519303001773854,0.00409801526305576,-0.027257884417971,0.0208605170249939,-0.0207751698791981,-0.032511380314827,-0.00473493418345849,-0.0343858481074373,-0.0194872297346592,-0.0614491151024898,-0.00993329333141446,-0.00397009458392858
"IFNL2_Gain",-0.00160878259584168,0.000969734874110077,0.0273314739847295,0.019828313979033,-0.0119736809457574,-0.006713271698105,0.0117720276744009,0.0124770540082566,0.00846766422842151,0.000795310768995121,0.0167125226912376,0.0090677067898562,-0.00169470763512861,0.000328933750496846,-0.0157501766127404,-0.0192779152889118,0.0144861212400632,0.0253755302629738,-0.0201367438187666,-0.0208017040026661,0.0230677493404005,0.0070223971400584,0.00527801058281248,-0.00592877040399569,0.00938875959298321,-0.0249187364199451,-0.00112050883123808,0.0135300547302326,0.0132453182590342,-0.00899283254571329
"IKZF3_Gain",-0.0189283445383174,-0.0264809323781276,-0.0275357493399819,-0.00441736529899549,0.00668622666521917,-0.0139833532651014,-0.0684267401789563,-0.00982552534558728,-0.00497772854670316,0.0152279125597281,0.00145697985080224,0.0487408280325464,0.0159650867498374,-0.0109329551599825,-0.00733831807782378,-0.033955646160094,-0.0357218565820139,-0.00492518871456762,0.00264653294712682,-0.00382495067919357,0.0625405755789974,-0.00382011114985128,0.0400382379847991,0.0580765355991412,-0.0255904694241059,0.0439485562140051,0.00883327641441852,-0.0384276470145847,0.0451163605321199,-0.0237424713736282
"IL10RA_Gain",-0.0191663889830331,0.00928271183395291,-0.0048348379740677,0.00206057875754824,-0.0194649988139768,-0.0131430567735695,0.00191786341402546,0.00359000317544576,0.0067595687483352,-0.00231587054185658,-0.0259289407724166,-0.00745467482453798,0.00992035833131745,-0.00155318363669859,-0.00198060606580332,-0.0139353961880464,0.0120256907673946,-0.00314194484951487,0.004526269952377,-0.00196933606082937,-0.00645045352825131,0.010963367543135,-0.00799153377097916,-0.0345716953752525,-0.00450102343739741,-0.0129934255445591,-0.0160306855976819,-0.00241343831398573,-0.00954063290143868,0.00649255272965745
"IL12B_Gain",-0.0112144528991646,-0.00459055024785576,0.0404626288347774,0.0185053690716072,-0.0111682031441618,0.0036388514218507,-0.00177835811067511,0.0101101328101423,0.00255402950225053,0.00452247465081099,-0.0115505937762834,-0.00248010156469213,-0.0052014062250102,0.0204066363749681,-0.00887680295164938,-0.035090583342093,-0.00334435590991267,0.011245279400437,0.00644070213591611,-0.0344513151104803,0.0679864662664908,-0.00565262007768507,0.0025255956031658,0.0071265388418127,0.0149582966610237,0.0135404969807024,0.0259065799139164,0.017721357996817,0.0165070160119622,-0.00973819820555272
"IL1R1_Gain",-0.041390220598354,0.0186657875280392,0.0193517824344627,0.0752570650407246,-0.0131235599590393,0.0133508092348839,0.0346951691022554,0.0097989123919374,0.0411976133594168,0.000269114390596167,-0.00827075564302504,-0.0403545946729454,0.0285715747431114,-0.0556379227064453,0.0295339456045782,-0.0270717522437841,0.0455233927622631,0.0434328419241038,-0.0183150584343821,-0.0152445602436344,0.00357662233245837,0.0331929315413748,-0.0276791841553693,-0.0361815750985951,0.00608468831020903,-0.0434021891711594,0.0183391160779185,-0.037729344318633,-0.0154114238760591,0.000357190249850611
"IL1RN_Gain",0.00465200660806714,-0.00570301371485446,0.0112194854653243,0.00592027740045027,0.0063121880997311,0.00983446046258464,0.0309417618043495,0.00525746562264182,0.00657948309724981,0.00452771392354572,0.00340473674463503,0.0134822192291419,-0.00268908657810905,0.00169808203072259,-0.00980306732835192,-0.0231590715773178,-0.0232268273830414,0.0233317803252827,-0.0115542041532921,-0.0194756023472909,0.0393708093148289,-0.00232386555184018,0.0191369869492271,0.0290544412352822,-0.000462491065263748,0.00731729038737037,0.0103164288130674,0.00309155700784741,0.0234595855528658,-0.0212406115041989
"IL2RA_Gain",-0.0185050963272536,0.00207942206044356,-0.0201843615328936,0.00780614647407864,-0.00442841735690139,-0.00671031989893594,0.0164533694167107,0.0071634485841144,0.0115960159144083,-0.00485023274221782,-0.00554155466298378,0.00120527622138345,-0.00229173904653032,-0.0145649063335948,-0.00278988153522098,-0.0119819680748637,-0.00372363393043363,0.00677062569965803,-0.0116363765541897,-0.00739557128724491,0.0321330340405883,-0.00452372898499286,-0.000667588785290718,0.00909345960894296,-0.0113148347929467,-0.00875583924975809,0.00151090116001839,0.0078942539646875,0.0168125323767146,-0.00592841628700668
"IL2RB_Gain",0.00350046011219063,-0.015129196162085,0.0262343950539708,-0.0114699205959657,-0.000648251450414878,-0.00132157605694958,-0.0201333591856631,-8.28226138070884e-05,0.0011792711457275,0.00378941054115573,0.00894489295286945,0.0140794902725751,0.000941514759417997,0.00450485003700697,-0.00357283065357361,-0.0132831593481712,0.0119294911982065,0.00184910334497092,-0.00288425529203621,-9.89116975162403e-05,0.017302990498313,0.014387825855529,0.0135036829604681,-0.0268931054925344,0.0124385233025953,0.0128912512347641,0.0126414148204298,0.00787009648888944,0.00821749956148815,0.00207702176697762
"IL2RG_Gain",-0.00775562517054669,0.00552663526515924,-0.0221157312731851,0.0138532336462628,0.0117323228139914,0.0136550510326376,-0.00996632627271987,-0.00846766309764285,0.00527581130759186,-0.00162005247306321,-0.00422056568423649,0.000463283427253172,0.00401589068789761,-0.0125381798519717,0.00876241726437946,-0.000439667699302172,0.0192567820285822,-0.009283899486839,0.00249093256032022,0.00827277828515931,-0.0143174006325471,0.00323093888144214,-0.0111790250793293,-0.0382059761262559,0.00414775532077659,0.00665836372449027,-0.012971995374212,-0.0256750349729479,-0.00254388781288614,0.00276786185704268
"IL7R_Gain",-0.0310258822530273,0.0048958107711762,-0.0260222340662648,0.000661852556889451,-0.0318887275973643,-0.0244045792602179,-0.0212458161358524,0.0027588188178896,0.00919063298369017,0.00657158850978209,-0.0182957204689426,-0.021359575076366,0.0194241698449991,-0.0144884359883511,0.000524739287500306,-0.0281889506095038,0.0274024762975888,0.00486041975068295,-0.00911512712794026,-0.0027826415873536,-0.010701607267453,0.0186165381134964,-0.00780696534793677,-0.0203678270024577,-0.0178317572246856,-0.0240568388363449,-0.00612006576981131,-0.014895556890589,-0.0183889478679717,0.00173811171585181
"IL9R_Gain",-0.00623397468452733,0.00266881283002538,0.00856057021779036,0.00720244121862157,0.00236197463949651,0.00884869369505283,0.00389126239265603,-0.000582546735916542,0.0117242460500097,0.00521735634035901,0.0102683712549338,-0.00925705478153516,0.00989610230980945,-0.0165771754391807,0.0023910654193027,-0.0039142050844062,0.0271012887892583,0.00916803417066021,-0.0158264898249109,-0.000812744655030558,-0.0197303841187822,0.0100676897634124,-0.00755167419412431,-0.0359966264679688,-0.00173869932901587,-0.0157067775240939,-0.0102792135667335,-0.0104759574082076,-0.0115401288706821,0.00751561878388596
"INPPL1_Gain",0.0574926457170284,-0.008790686054889,-0.081228641646378,-0.0465852350899667,0.039126595047613,-0.0546357364817099,0.0255282418745937,-0.0376847178082574,-0.0177831349047748,0.00654057338833809,0.0224797942195878,0.116774355416948,-0.0757257648941242,-0.0115468300879002,0.00565747433539593,0.0581241942659924,-0.0353787496234431,-0.0572376104466843,0.0278478691467282,0.0311232859889666,-0.0729108259984941,-0.0456498947107431,0.00254892507060008,-0.0445700600291743,0.0298944338478825,0.033665875932484,-0.0467520868236368,0.0020621019782442,0.0348158286065992,0.00076349482617595
"ITM2A_Gain",0.00654726153747602,-0.00691208765651523,0.0281314831650393,0.0108544762161645,0.000926677137613297,0.0110880023037845,0.00655212270265276,0.0111600993285802,0.00505448771979321,4.46535149504515e-05,0.0263907026330178,0.0208775949114087,0.00230303233150731,0.00615808312696489,-0.0211153605698862,-0.0109141054563224,0.00177625498988412,0.0268836964599111,-0.0206405873071741,-0.0303121979919855,0.0386464721099897,0.00491904897022654,0.0153277036310597,0.0184305628592318,0.00802446160973473,-0.0155791793949902,0.00139481980692257,0.0228956655006517,0.0189900548112663,-0.00580693330531093
"ITPKA_Gain",0.0150960587285539,0.0112774512500212,-0.107635103766957,-0.0131625818308964,0.0583879181574429,-0.0152378182818172,0.0450396268999064,-0.0355905559494771,-0.00836800052333743,-0.0198182441714791,-0.0376487416215241,0.084746983473099,-0.062727028003303,-0.0312239624239424,0.0318102830199785,0.0802724226327833,-0.0556543491860872,-0.0484730436276364,0.054291963011467,0.0309264180751177,-0.0557904506642972,-0.0555828871826331,-0.00767924045763349,0.00210428093710253,0.0197104739165434,0.0531350528841378,-0.0267471946695799,-0.0144870321276367,0.0217678098268406,0.00889214522816161
"JMJD1C_Gain",0.0595509634262189,-0.0219831875703977,-0.0332522994761628,-0.0378496593102477,0.0277927636021846,-0.0218188679756079,-0.0113293945621279,-0.0243738586699268,-0.0251459413509172,0.00188798753586703,0.0736958575189898,0.0966950696717976,-0.0570100451490485,0.0107531418281614,-0.0162571245398288,0.0418838998127757,0.000657198320430024,-0.0438684231524629,-0.0021318359181453,0.0186850283561008,-0.05178071135529,-0.0175574407597682,0.0179931565390942,-0.0340029647699872,0.0313264619615069,0.0120953102561092,-0.0324720410364015,0.024275699504336,0.0411431785249256,0.00503981135141357
"LAG3_Loss",0.00907406900933165,0.000606602258578746,0.00721537218449596,-0.00901975686440687,-0.000179070823206873,0.00305310985121779,0.00237027273518953,0.000911375385023163,-0.00849837278891466,-0.00536204357733746,-0.00897482917560432,0.0142862787860596,-0.0106359762464931,0.0180665578046245,-0.00151682124582831,0.0107644823437441,-0.00771737782779092,-0.00580190377915929,0.0148970415655843,0.00423897714344803,-0.00874537821885146,-0.0089103104676791,0.00358201190085706,-0.0116679704117918,0.0112392707558687,0.00977126736483888,-0.0121778526943839,0.0151512091180046,-0.00464308788319548,0.00128844625757126
"LAT2_Gain",0.0672439920522694,-0.0187466003040274,-0.0927662912861637,-0.0281415457292548,0.0279162833511056,-0.0773637657677579,0.030297759973075,-0.0352845349270007,-0.0263371053788776,0.0102837834164571,0.0537453340465326,0.144618170414963,-0.0829371861621456,-0.0114819744320692,-0.0103259675802206,0.0519955954184967,-0.0269035630560709,-0.049089562604731,0.0157944106909815,0.0229363199125729,-0.0646899145201973,-0.0546693999214836,0.00988555548027298,-0.0473853973847515,0.0218050224829535,0.0261654192845355,-0.0665463690979863,0.0110060833218806,0.0517060767325467,-0.00234276701186625
"LAT_Gain",-0.0223848048281406,0.0061104580814988,0.0448714599453215,0.0349576436945433,-0.0027685520991793,0.0188589572521593,0.00198841413888544,0.0125041314060508,0.0277585781753283,0.00152128115571293,0.00813876416163031,-0.0278036271349091,0.031948552992731,-0.029265646070132,0.0108300895598542,-0.0167245324701071,0.0399644608812139,0.0319666156469676,-0.0174412632196097,-0.000244671932500667,-0.00864261902896241,0.0416425103630967,-0.0162727949570356,-0.0258953524031762,0.0135970151402414,-0.0250325044720155,0.0020670650520008,-0.0159102705516938,-0.0201105825410558,0.00803819030688258
"LCP2_Gain",-0.0261699851311121,0.017478509404448,0.0626569592125332,0.0401547783307952,-0.025638313175774,0.0233988666911973,0.0100778489702474,0.0183911448510268,0.0315080902355942,-0.00139052560427439,0.00899703013447096,-0.0329641672328235,0.0291746980498101,-0.02875022380299,0.00321892904986268,-0.04087970223569,0.0534292628180306,0.0443040179113815,-0.0365942116460268,-0.0211018024368909,0.00505027672993848,0.0433727970341788,-0.0189958488332695,-0.0463030899792026,0.0146072206471487,-0.0475512104174198,0.0112876614952344,-0.0060139657312005,-0.0112559869646966,0.00266734566890968
"LCP2_Loss",0.0257999774680209,-0.00384226354009815,-0.02204354240426,-0.0233174361653928,0.00262020253486979,-0.0153741287444827,-0.0139085026318902,-0.00504537270680419,-0.0166468699254207,0.00170281867800491,-0.00844572479727426,0.0329694930297225,-0.0234371346991454,0.0257899633316851,0.011401125172308,0.0115910266667033,-0.0198097473332114,-0.0224159389956674,0.0294041033111401,0.00803953138336952,-0.0177518892536825,-0.0287149141687574,0.00264099656518843,-0.0186951485778223,0.00111868596280307,0.0121179751591133,-0.0214086012926691,0.0131112453398674,0.00711778800751863,-0.0100052911939143
"LHX4_Gain",-0.0458023327848186,0.0100572778519405,-0.0490099366268386,0.0566948253175487,0.00866695365504078,-0.0277704521365788,-0.0606915801115658,-0.0145489469818447,0.0147237560023432,0.0227896627686594,-0.00696350744237071,-0.0296931496942821,0.0331697815786237,-0.0786721413874108,0.0419749460790468,-0.0110072934352185,0.0346100653643193,0.00440828268942626,-0.0106075792613885,0.00630866966169813,-0.000398950505515803,0.0260653080499691,-0.0326965495134177,-0.0090801477432251,-0.020217115237661,-0.00507640239337216,-0.0101756367994391,-0.0978033740235412,-0.00698258747630145,-0.00111439756077269
"LHX6_Gain",-0.00476888918750723,0.00803810846827872,-0.0314687314036656,0.021268782166528,0.0081394393239695,0.000415047735605441,-0.00816758365278513,-0.010264871550173,0.00691452556827538,0.010137408611063,0.00860768466413966,0.00293621700912924,-0.00076935957120338,-0.0259991131434348,0.0078340356933399,0.00558498145645143,0.0166067317862746,-0.0078642992696292,-0.0088375405257594,0.00556163125815736,-0.0174198715724576,0.00310392824696823,-0.016992447727268,0.000169016210965707,0.00160384281787654,-0.0108836775015987,-0.0125792974107702,-0.0279415639143595,0.00995775971981421,-0.00399084638436915
"LTBR_Gain",-0.0483645608499996,0.0189898051168472,0.0878594189427548,0.0493494228857784,-0.0278388702565041,0.0159876389743786,-0.0548930510773625,0.0111180507739735,0.0354666836306173,0.00967865046294091,-0.00817729267750827,-0.0838875950187305,0.0540573876700911,-0.0494764886857688,0.0231003748567801,-0.0271976866383333,0.101731015465489,0.0442749347205453,-0.0295401582288875,0.00265697710010542,-0.020411241283649,0.067934971381451,-0.0431164515340272,-0.150225995711877,0.0102986725825519,-0.0474435785181925,-0.000529607346919781,-0.0450716685643638,-0.0568937401597699,0.0110591009954437
"MAP4K1_Gain",0.0948071554644939,-0.0224087271890646,-0.118609370151107,-0.0588589861578898,0.0381784177291284,-0.0901491734959664,0.0328531832596578,-0.0479098523992601,-0.0357208260839139,0.0115932717645934,0.0784472408683099,0.187348806418889,-0.109207696563334,-0.00740949537844286,-0.0193506751312028,0.0617713551891438,-0.0256000207993416,-0.0649489441185916,0.0204007822311048,0.0322434733228741,-0.0862531586456189,-0.0701081049756719,0.0158528086020175,-0.0791161568886643,0.0269039251217875,0.0289194511779405,-0.0817604675342184,0.0215866129606142,0.0576945435823958,-0.00486969369369636
"MEF2D_Loss",-0.00771536305546761,0.00519648025958584,0.00134160629493165,0.0165493502379297,0.00158436850390651,0.00725298649077857,0.000846993721943427,0.00418466344879536,0.00854540921070359,0.00124106731207169,-0.0039730331033364,-0.0115527695083952,0.00692758930625615,-0.0109257360047602,0.00881609669723711,-0.00211826780928182,0.000864656472747976,0.00200004458844245,0.00142885936697671,-0.00504018655502713,0.00639558816491463,0.00902113659711151,-0.00853967722635586,0.00347210050046027,0.00517625994394188,-0.00614704019096973,0.00016760805270055,-0.00869864859728963,0.00286641502036498,0.00288525160558365
"MGST3_Gain",0.0141025277040016,-0.00019858397049079,-0.00174742163781306,0.00880809022352029,0.00305381543952001,-0.00119038893713205,-0.00117829950499874,-0.00475450148761837,0.00488240638156355,0.000107896395062948,0.0162676353607839,0.00499455701400883,-0.00591604538720931,-0.00981185710613761,-0.00487022490298014,0.0128144592276258,0.0420687488187546,0.0017492859778811,-0.0165056947230304,0.00104054596310402,-0.0124134183353722,0.0117488847736499,-0.001387393808266,-0.0565552328717652,0.00834229609695091,-0.00888142847760594,-0.00894042326940744,0.00610140089598877,0.0111429747525091,0.0100454076135893
"MRPL18_Gain",-0.00760524610026938,-0.00206972390688101,0.0150803959638369,0.0285936901803877,0.00124478938638187,-0.00177966009397976,-0.00192390675427484,0.0105599627570539,0.0126100130623481,0.00799578887440997,0.0317504410250265,-0.016244430949942,0.0150459214556413,-0.0275464950465277,-0.00700120896589561,-0.0308310450589071,0.0199253305059965,0.0247370488330966,-0.0293673938292949,-0.00940930328835718,0.0344536614711167,0.0249079307083224,-0.00038571973316005,0.0134120524906721,0.00229669405055828,-0.0175251264552601,0.00761714553246733,-0.0172323657840979,0.00660821502325965,-0.00193613385934322
"MRPL51_Gain",-0.00341143274777814,0.00272647556113569,0.00301513444436224,0.0174829928498519,0.000540791844066821,-0.0134364203402871,0.0207943736722595,0.00211666577348584,-0.00550556873020373,-0.00939566365835306,0.00174135254009774,0.00802443009850226,-0.0148500324864137,-0.00452548190951347,0.00885776708784856,6.36828573126576e-08,-0.0147977148231707,0.0162417060450504,-0.00206093894023644,-0.0284336123713537,0.0381616172821898,-0.013151082612182,0.00330142194503232,0.00873443076485082,0.00739718028589299,-0.0130221710393303,0.0144164778684315,0.00699551532927312,0.0118480293374313,-0.00799819306519471
"MS4A3_Gain",0.0146184025048199,-0.00814106130688372,-0.0187889795939801,0.00572936312626984,0.00103559534428483,-0.00208565592765808,0.000852214709176856,-0.000143210450976582,-0.0170303613452588,-0.00766628345087865,0.00505402709467936,0.0283840564632062,-0.0248010817094375,0.0359285925909624,-0.0199524953771951,0.0172937179015855,0.00817854778241303,-0.0162558020171473,0.00324261491581545,-0.00721347311480065,0.00852117523298425,-0.0213807243853807,0.00823052151728485,-0.00697933819334386,0.0158035057454796,0.00216428310436718,-0.00236371412115582,0.0327130914113279,0.0101040544903884,-0.00139645472863468
"MUC1_Gain",0.109065605205029,-0.024077726457152,-0.0913665669109788,-0.0369301552797271,0.0559998962022751,-0.080636774250999,0.0829260948413796,-0.0504152745485409,-0.0168074893130305,-0.00597722415899323,0.0886907693140441,0.172093729710909,-0.11972392664958,-0.02419263312664,-0.00345405789291982,0.0700515148207339,0.00226352559757068,-0.0575867981027979,0.0303391332361061,0.027100306175082,-0.125447031896832,-0.0554597632231184,-0.0151461442887371,-0.133981056949672,0.0619487803828964,0.0340866038002151,-0.0743832365967411,0.0192009987612497,0.0396838139816732,0.0283240901441619
"NFYB_Gain",0.0067497983794002,-0.0230750035878052,0.0432224232046043,-0.0234160169082529,-0.021388433435384,-0.0498358379392063,0.00949293911895331,0.00702782473800813,-0.0123464456375907,0.00197445954579641,0.0334682361606289,0.0144405790111598,-0.0140027649262372,0.0158371090450708,-0.0247379786827985,-0.0196042368736337,0.0123622215846006,0.0384137385031756,-0.0303380641647998,-0.0204626199624994,0.0364181373049231,0.0056424841613454,0.0281444887685425,-0.0241045040242812,0.00324072108110961,-0.0319453780265415,0.0113493633620879,0.0193368737750194,0.00992969007176511,-0.0187329712378628
"NLRC3_Gain",-0.0160350088951408,0.00254258676682429,0.069853367584367,0.0173672585077183,-0.00956816358431693,0.0192400416539561,0.0056227294187392,0.015318444158922,0.0237222242629736,-0.00156808707622751,-0.00222947416446542,-0.0255544874716991,0.0213064432384506,-0.0127401857446599,0.0135503610776317,-0.0375623605664699,0.0368103113786508,0.0352459625611382,-0.00936502366456934,-0.0146410315628013,0.0127111198280447,0.0331257882137452,-0.0118780299941058,-0.0488696732828694,0.0159112301364701,-0.0223742001840184,0.0148975670497905,0.000271414396583393,-0.0130847265483231,0.00273432370315316
"NOTCH1_Gain",-0.00701177320373592,0.00309712668297006,0.0209398312577561,0.0299970257638106,-0.0193281012740153,-0.00918378869989025,0.00776952898769236,0.0114667067721264,0.01899621122753,0.0101958242648128,0.0136598580127665,-0.0154811512011645,0.0173729018488927,-0.018310330118706,-0.0086178665952896,-0.029633679530069,0.0522183931585568,0.0325393011320883,-0.0330478521286329,-0.0149601017889469,0.00760159939527512,0.0181627163913713,-0.00853497541106459,-0.0602095043481286,7.75816725261176e-05,-0.0312489521703613,-0.00634258215996756,-0.00827976990101942,-0.00625478502418568,-0.00358408553275599
"NO_Gain",-0.00859044464649977,-0.00800659576499904,-0.0274521493249469,0.00324943882447702,0.0246281730080092,-0.00135564196992804,-0.0555449415136267,-0.0267467818878315,0.0033313913822726,0.021794850282647,0.000130187927020921,0.00580036005488148,0.00878082133001751,-0.0269222129826193,0.0111902052605594,0.0382451070472598,0.0559136690916838,-0.0198550668579561,-0.00075580303867658,0.0421454775388594,-0.0467757323273906,0.0346737763396016,0.00361958539320363,-0.0627088723359285,0.0225599554401857,0.0384769125117196,-0.0139946231135616,-0.0365674297014872,4.00179479685095e-05,0.00315209560924106
"OTUD7A_Gain",-0.00990902456753659,0.00344275381802669,0.0168390660986023,0.0110902663952899,0.0138008956981928,0.0211750979552854,-0.00347655175148316,0.000585335298037192,0.0178229455871262,0.000913188950914257,0.00960940426602116,-0.00566335184991641,0.0132741251925253,-0.0150091944894982,-0.0031368965107315,-0.000493948277578039,0.0442990746419385,0.00640878169182337,-0.013002212207659,0.00320073805819705,-0.000457866011925463,0.0264842857800002,-0.00562115783258429,-0.0464067040187008,0.0150038947720291,-0.00838006948525051,0.00801568056614894,-0.00582342724895702,0.00107641146465574,0.000659089227962606
"OTUD7B_Gain",-0.0154862214869025,0.0164638108726444,0.0629913009450597,0.0276562950368655,0.00120992240848514,0.0519452232678058,0.0280390553555246,0.014199648957468,0.0289388961069244,-0.0160643263788378,-0.00498585626062027,-0.0416322552130721,0.0227203375454676,-0.0161592866067832,0.0260594812153423,-0.00659418825880956,0.0348449751818921,0.023404117610495,0.00143347172287561,0.00524880972790853,-0.0234200688405225,0.0405189111660429,-0.0268138069343769,-0.0434058384369996,0.0237769774334916,-0.0268174408393054,0.0134481065354105,-0.00245666567046764,-0.0194108493463005,0.0223101954591476
"P2RY14_Gain",0.0114840303798277,-0.00958929235586919,-0.00262612951208789,-0.00331842959166531,0.0160778071581719,0.00138076544406424,0.0195602087909917,-0.00236613208420545,-0.00201722574476377,-0.00558723011110202,0.0138330735101638,0.0207600527738472,-0.0103614512217571,0.0048572146838688,-0.00669672151645982,0.009279798185191,-0.000523184108207504,0.00106574373551641,-0.00106750122724049,0.000300912971956184,-0.000115723195803692,-0.000543447263748292,0.0109871438139653,-0.000340068795116072,0.0120525426534285,0.0061607008807391,0.00388551907367017,0.00669197528716551,0.0086144858627135,-0.00147342728263882
"PAPOLG_Gain",-0.00787348500383434,0.00665637401780531,0.0122903477289339,0.0283319265095156,-0.00171473519459589,0.0132934948179259,0.00507985361254037,0.00985322952437312,0.017735673594219,0.00460055464906479,0.008125676050671,-0.0132091280712343,0.00964052964057495,-0.0165926516612074,0.00778451600848739,-0.0138577312342267,-0.00172039421636667,0.00292243002288377,-0.0117508696684086,-0.000600777045170318,-0.00106589373812747,0.0160432527981587,-0.0194599485831029,0.0390431369418529,0.00498746594052706,-0.00980683771976784,0.00538434132711211,-0.0130867114596402,-0.00268069859038093,0.00713707498316445
"PDCD1_Gain",-0.0102330958470702,0.00893032933778033,-0.00869671163823584,-0.0220662157597213,-0.0109163720546098,-0.00479527992389068,-0.00630966966453908,-0.00329714307786319,-0.00332025025072026,-0.00351832642878309,-0.0165235923747693,0.0034850533280907,0.0033964728936553,0.00653484604995826,1.28839807263736e-05,0.00330697828582649,0.0277207347339597,-0.00983958317223808,0.0111290346509938,-0.0090907908662961,-0.0375887043613555,-0.000781214687620001,0.000726966966136262,-0.055131202370956,0.00512379910475735,-0.0217941501559208,-0.021521355571418,0.00519321357494156,-0.00462586975431648,-3.83715097118041e-05
"PDCD1_Loss",0.00215242839568145,0.00319966013675734,-0.00192699648248844,0.00320806362967947,-0.00035298192799786,0.00537182130180039,0.00290011091804727,0.00167823619576115,0.00387159012918011,0.000644065981344396,-0.00351453328500817,0.00246686234827086,0.000104045569202005,0.0042090536657469,-0.000884572352284874,0.00173752362425233,-0.00210908864622627,-0.00169446219479565,0.00339269255112101,-0.00216167628990881,-0.00198894592668505,-0.00126043158325004,2.79372023952591e-05,-0.00112739587441469,0.00385385699622281,0.00122106637119691,-0.00329867060923632,0.00366611505200813,-0.000616111104443912,0.000793190982349061
"PIK3AP1_Gain",-0.00411008926662239,-0.00848769379930722,0.00486412833671312,0.0120352813520947,0.000923277357140103,0.00954278125553518,-0.0364132797999962,0.00125875894886416,0.00431944186723716,0.00724324454628938,0.0290780197677983,0.00170791462265156,0.0193321670028003,-0.0107940818409662,-0.0130873837382407,-0.0258872070223898,0.0261471824066059,0.00498688994227229,-0.0247831037519751,-0.00299634767343869,0.0185801905756061,0.0177360448684241,0.0067132485275333,-0.0228664303953583,-0.00668003685973786,-0.000765568773086007,-0.00433823901253778,-0.0203904946510856,0.0094501994688668,-0.00148719543641483
"PLCG2_Gain",0.0168946222083209,0.00698057988224781,0.0343510800181595,-0.00745953435767187,-0.00950578201166673,0.00883675527388919,0.0328650326302199,0.00340229477605795,-0.00588880294028108,-0.011822315864265,0.0191534032203155,0.00314204829859815,-0.00761834123771485,0.0089736367027237,-0.0178645854841356,0.0237198064027175,0.0362560213989999,0.0151958304827344,-0.0159502370467996,-0.00508436542769817,-0.038332398572605,0.00670455939659517,0.000240876084219103,-0.0765045924137716,0.0187725165527161,-0.0248511267111522,-0.0227663474642251,0.0359666128834225,-0.00825978684787677,0.0197233055233445
"PRDM13_Gain",-0.00695909599128824,0.00382596678816928,0.0512923502291624,0.0198785678411906,-0.0088208751538052,0.0189291567075998,-0.00216585859799614,0.0117372984263616,0.0198524092691234,0.00221190142194526,0.0188434510223138,-0.0212477552794063,0.0241398252188586,-0.0117313416603093,-0.0148188092101079,-0.0187556691145381,0.0494803959288849,0.0242765281850902,-0.0289970400134245,-0.0141164516143572,0.00268202758609102,0.0343573110607954,-0.00837918525884071,-0.0513166478620126,0.0158992647909774,-0.0289407304953784,0.00263816283012812,0.0030410265048536,-0.00474019628018141,0.00925801491114096
"PRDM1_Gain",0.0233865217729048,0.0208457313816656,-0.0567191696979783,0.0281943570483815,0.0325671265071089,0.00368336655876853,0.0774189233779907,-0.0251483537934043,-0.00330000015144998,-0.00139212980866432,0.0244450684298169,0.0926481695337729,-0.0150211189280857,-0.0343181355433031,-0.00432823327454654,0.0870252888311039,-0.0330783535133709,-0.00695851580663161,-0.0211942470209165,0.0270827463404699,-0.0837328691374172,-0.0107627748088403,-0.00271769545295022,0.0628040703860196,0.0285427319732579,0.00140351971442049,-0.0697295503182845,-0.00485238297419115,0.0207238190553405,0.00239044698801908
"PRKD2_Gain",0.00171671665667259,-0.00519397824561012,-0.00618305757219337,0.00422131969142206,-0.00345896661867263,0.00221302819236652,-0.0161642517280026,-0.00160802117808117,-0.0015177670866251,0.00474637382923021,0.00592903747732185,0.00218059767767326,0.00102414183088185,0.00282708054274013,-0.00151134622235274,-0.00811821625558371,0.0175373088568449,0.00272380163144205,-0.00273977020592189,0.00464894106016331,0.00239125909955846,0.000528145235838349,-0.00641824574853034,-0.033546705605443,-0.00168973018328861,0.00243642012175825,-0.00961695749735095,-0.00838467501795169,-0.00458748391037327,0.00103665431289329
"RAC2_Gain",-0.00852226781845093,0.0105132271796465,0.033924900457263,0.0157190314531326,-0.00689290368929505,0.0265282377004623,0.0224458527863026,0.00835814827680588,0.0134560310691595,-0.0108280538469553,-0.0140504202637821,-0.0165942955389619,0.00427326241135597,-0.00920381127297878,0.0145678106248379,-0.0134131287038326,0.0146068966388702,0.013601691365242,0.00500916063413024,-0.0133194524087012,-0.0077344514131546,0.0107891321480274,-0.0174676683098078,-0.0314124001264572,0.0164308547824621,-0.0131420112997293,0.0127831832766533,0.00215256586670876,-0.0132193772885948,0.00853873413801193
"RAN_Gain",-0.017241284771658,-0.000767922135042574,0.0244766771793365,0.0279559964204536,-0.00880380024147384,0.00718416257158798,0.0423892348292558,0.0103992398636525,0.0148270993000444,0.000332142736571019,0.0235398957396255,0.015210392905454,0.00559939720722682,-0.0225261459127069,-0.00325646084349822,-0.0213698818183997,-0.00923204334343181,0.0310818859759499,-0.0236201931119842,-0.0164959555669852,0.0227923598140478,0.0215933526838746,0.00913966567639042,0.0381485793520423,0.00947067889330142,-0.0309399858336238,0.0232384453582413,-0.00388878233292524,0.0100874016609262,-0.00764840751585058
"RASA2_Loss",-0.0155683133895953,0.00161871636556231,0.0116375475931031,0.0246415110337861,0.00468118097830577,0.00798449316473395,0.00179792481208016,0.00696613577066167,0.0180202510155237,0.00243724684984598,0.0130968131388245,-0.0207316130662975,0.0164828049841702,-0.0218815252237522,0.000657582188242316,-0.00984433373640367,0.0121826091682532,0.0151888178957646,-0.020680821977898,-0.0120612620820321,0.0212745743683562,0.0173376297361017,-0.00675203593270096,0.0177087059290586,0.00270181964398378,-0.0178971171326435,0.0144089699686627,-0.00826188412498248,0.00585021626191089,0.00212014089716934
"RELA_Gain",-0.0499529679435373,0.0149491722541337,0.00874629312053027,0.0745933205876129,-0.0135382158243844,-0.0155570037811008,0.00645999087403152,0.00876558124895719,0.0373170617536105,0.0142420580400931,-0.0324362719937271,-0.0551314073559267,0.0318813873639959,-0.0654310444801651,0.0470515412111946,-0.0408605944013704,0.0401785338161797,0.0437793226678245,-0.00227280505100228,-0.0162894116554237,0.00618096268334926,0.0291672835730954,-0.0382107930899357,-0.0238113876999609,-0.00126444466954825,-0.0396653740043869,0.00861485514617124,-0.0684787919683172,-0.022269128169556,-0.00690489155641257
"SLA2_Gain",0.0491901602973497,-0.0182464437678227,-0.132516104514641,-0.0553167097368955,0.0300045970515533,-0.0746372839033866,0.00634091350738173,-0.0441763068545232,-0.030868592815646,0.00979172196321288,0.0390589162748356,0.153895271129676,-0.0767405403999505,-0.0186344462114546,0.0042654158063397,0.0486423836504048,-0.0670465691761823,-0.0663858515903813,0.0246620681218901,0.0338926231652695,-0.0667848764931053,-0.0553519685100354,0.0115498917562977,0.0147107888160823,0.00125525302627013,0.053839236530701,-0.0618501929853456,-0.0142858911650296,0.0436770578288362,-0.00085297457479958
"SLC10A7_Gain",0.000662321547189584,-0.00267322053416417,0.0118828736102352,0.0119684931750481,-0.0111614422729382,-0.0187232011499313,0.0270436865349229,0.00992942187720193,-0.0021776703114693,-0.00557627803825129,-0.000330721117699375,0.0182118413325113,-0.0143153058150067,0.00654114863405434,-0.00487121665635361,-0.00979227963118599,-0.000457343860314443,0.0256202031786625,-0.00570835244770233,-0.0304457519489985,0.02673315607871,-0.0105867016917238,0.0148204936860846,-0.000601904896589426,0.00537417055322574,-0.00932360902571907,-0.00345858071859066,0.0226335383306902,0.0160945813673047,-0.0113489240712415
"SOCS1_Loss",-0.0128908062606682,0.0044951841020535,-0.00492424980848414,0.0147587515321779,-0.00345836021772628,-0.00735725525674629,0.0107666217480545,0.00133453459774025,0.00810337515831484,0.00112007782744711,-0.00838874948475464,-0.0135107671711671,0.0120060340551192,-0.0129898386114419,-0.000859845797588796,0.000981654189986947,0.00303215855433617,0.00127883963746789,-0.00448695671411208,-0.00283152304221818,-0.000671604389531745,0.0088375202483601,-0.00759344777943175,0.00325520232381153,-0.00171448808899264,-0.00992940978718147,0.00787813740747946,-0.0123623330222726,-0.00541149734408277,0.00489780033743124
"SOD1_Gain",-0.0296583807920524,0.016861784862983,-0.0112468572996626,0.00719141480354333,-0.00953972609511839,0.00331386345966313,0.01601623749359,0.000465834023136842,0.00788785662536651,-0.00819192401165194,-0.0267478210891917,-0.0077812275777199,0.0101725653206047,-0.0188054916428708,0.00262706076305348,-0.00405343940291242,-0.00213971281937401,-0.0027663803114426,0.000533390778690669,-0.00551149794318635,-0.0102641975086171,0.0104312298144718,-0.00914553820441013,-0.00821056860519268,-0.00180415047949682,-0.0121884503050047,-0.00935477636546912,-0.0101587972127985,-0.00243498354965688,0.00324002282561348
"STAT6_Loss",0.00210899942700403,-3.85342906397509e-05,0.00699107306841088,-0.00862570376281279,0.000506693317768085,0.00210975416296397,-0.00717879825619509,0.00253195989405714,-0.000633679431335754,-0.00068943217082555,0.00883055739777993,-0.000130583947322455,-0.00037564981324845,0.0063440846167056,-0.00260587799620916,-0.000996842363243362,-0.00185586574924998,-0.000539393152996718,0.000983187805367522,-0.00422323150672467,0.00509740882525108,-0.00264663163976497,0.00373570344983095,-0.000283666942493025,-0.00038771554603275,-0.000620200265064297,-0.00153882110334304,0.00798980525907982,0.00501103073089238,-0.000104595761162689
"TAGAP_Gain",-0.0199253708995574,0.00689295976292015,0.0332692533905743,0.0416523541449106,-0.0238932343390471,-0.0268235300771064,-0.0164455790399459,0.00779459447387541,0.0183179892207447,0.0147563093369119,0.019292299003934,-0.030381826569506,0.024375082347651,-0.0401797589807831,8.79649748230538e-05,-0.0137466424368104,0.0888445669926747,0.0460035357602507,-0.0427467203399504,-0.00600412038116776,-0.0173452754902561,0.030892691809183,-0.0216366075229836,-0.103944651477518,0.00128299832256914,-0.0457506967022231,-0.0146419873885941,-0.0206442170542235,-0.0282027683280713,0.00428624560631681
"TBX21_Gain",0.00765896892496952,0.017072501394465,0.0507573860963917,-0.00319650870544715,0.0347843627938763,0.0548360134572551,0.00705629390883378,-0.00402568711268665,0.0163051866406506,-0.00421387920678506,0.00941772422840339,-0.00300122897744854,0.0155595017138014,-0.0233869977590889,-0.00263094811280794,0.0563075152297027,0.0179988985654315,-0.0145465954927142,-0.0168900539143481,0.020783965396708,-0.0682170505690845,0.029359758174622,-0.0206104144928898,-0.0362104904381479,0.0375430122777693,0.00396326523031459,-0.0126433337882963,0.0210799969753868,-0.0135504111552627,0.0300568864646529
"TCEB2_Loss",-0.00196830495122018,0.00301163756792579,0.00164583739995852,0.00593531043015929,0.00140952358051691,0.00645932085785995,0.00346650777551005,0.00166575461560811,0.00363971170970938,-0.000359963314141263,-0.00720114119011654,-0.00640578275699749,0.00136749589923384,-0.00368022191910735,0.00923229935342501,0.00158127917926074,-0.00484430829092417,0.00011399345253896,0.00675985314956688,-0.000151296552342416,-0.00106294333262796,0.00235457397384109,-0.00558130577493674,0.000926111395847568,0.00242335679443413,0.00196891480277173,0.000547963088531628,-0.00591042196792395,-0.00274496812588697,0.00329470557475466
"TCF7_Gain",-0.0132426597616252,-0.00587033672148691,0.0122337962829453,-0.00820454063953138,-0.0192752139387177,-0.013424251675971,-0.0120350833635266,0.00693035933791715,-0.000827308503372193,0.00190423019276019,-0.0113486506263999,-0.0112756723355429,0.0093984380364418,0.0116018323118196,-0.00210198365590152,-0.0244256285859235,0.022998490608206,0.000323107721758824,0.00298487340264461,-0.00107383762267144,0.000703658707732079,0.0138926487781254,0.00464095915759019,-0.0460693951623113,-0.000884965810851724,-0.00369644499333648,-0.00027944731946085,-0.00153840881060151,-0.0191586183055359,0.00213395947517425
"TGFBR2_Gain",-0.00621766664450794,0.00171011155190296,0.0027418929366114,0.00906043428832583,-0.00307596279545892,0.00468960053907608,0.00664735830760628,0.00537681607248612,0.00403499297728533,-0.00338735954248262,-0.00302494155662242,-0.00933659370132914,-0.000841743345188707,-0.00482451138702457,0.0063714696539527,-0.0094679749447619,0.00685213993707555,0.00606742353457309,0.000812643175197035,-0.00575609787598494,0.0169375349795597,-0.000178265806693765,-0.00421779595851345,-0.0114182142536491,-0.00539615217017187,-0.00102346852365579,-0.00090282076749337,-0.000806344392128168,-0.00513442106147377,-0.00290826297950717
"TIGIT_Gain",-0.0154987344179641,0.00140539928036036,-0.00839642467767452,0.00440218514113715,-0.00718628098680214,-0.00573119986625953,-8.30359472963733e-05,0.00400308402480953,0.00410494260546384,-0.00207993760175834,-0.0162887829003122,-0.0112420023616516,-8.37642882922382e-05,-0.00591077950825407,0.0103213240138509,-0.0137852830812335,0.0114188867084908,0.00702120679797548,0.00353196553998824,0.0027490931379637,0.0191345266348711,-0.000467040660706433,-0.00593819342214953,-0.0148770050569014,-0.00769656975612496,0.00520617615653795,0.00270215534802639,-0.00475539320684744,-0.00751677494157444,-0.0029067400574797
"TMEM222_Loss",0.003332407029374,0.000281323558239616,0.00905516985945668,-0.00280151478378906,-7.23265867850502e-05,0.0103694589189277,0.00407096407456598,0.00417049318022534,-0.000878087386753656,-0.00413328340409447,0.00606811242556285,0.0034543581798597,-0.00524954468503519,0.00784314702723535,-0.00352498559933629,-0.00262240520891199,-0.00398507823950143,0.00183881314348448,0.000779285171272488,-0.00323881940244872,0.00356666017784666,-0.00408552278797639,0.0020922294198559,-0.0081732144513106,0.0021954706425632,-0.000662233226644206,-0.00543976393599196,0.0117470094943561,-0.00095284299991155,0.00106831552191321
"TNFRSF10B_Gain",-0.00936909779333151,0.000866664688174541,-0.00529216202692344,-0.00412543358711096,-0.00761328692046496,-0.00294938321010425,-0.00466540525398719,0.00421192945482639,5.69468435759728e-05,-0.00295276908884541,-0.00910901410075334,-0.0129668135410891,0.00348873046011879,0.000569598376750946,0.00170037004236992,-0.00660626151813911,0.0105016719836455,-0.00926905268659958,0.00376372036452477,0.00491943396269702,0.00230373698644913,0.0102959409929239,-0.0023135148275357,-0.0106170211847012,-0.000990693958906027,-0.0035431302842111,0.00157884502640137,0.00186168416045033,-0.00538169260924825,0.00463547941583854
"TNFRSF12A_Gain",-0.0149187542296745,0.00659178974085333,0.0260711691439382,0.029540108322637,-0.01453880329246,0.00209695986799292,-0.00102096551518643,0.00889910802849241,0.0178112843501809,0.00297742111169694,-0.00509059959195526,-0.0275026647424376,0.0118531672190515,-0.0109525065164308,0.0119739153267794,-0.0322110160257538,0.0354529048485185,0.0292467546566573,-0.0112571616775741,-0.0188879553358067,0.00416359804484375,0.0225639185044756,-0.0119992851937715,-0.0495680663806591,0.00836911521362982,-0.0267670319692509,0.000152670566179577,-0.00834535194639994,-0.00408147543877306,-0.00805341179795477
"TNFRSF1A_Gain",-0.0707253962276579,0.0261926869293416,0.0361867004913743,0.114766259328711,-0.029615413206101,-0.0132701688862906,-0.0326891686663638,0.0172910060757488,0.0520034513956761,0.0194450477237875,-0.0162992630696335,-0.0874663331811127,0.0548521174991412,-0.0897867538880485,0.0447589140345504,-0.0543796006805509,0.110125518952371,0.0648264393720943,-0.042270970239645,-0.0188945254607114,0.00385258082755117,0.0632712057845495,-0.0615087972766455,-0.0987839947675995,0.00955764853596943,-0.0713287134210099,0.00789498376642101,-0.0817619171751388,-0.0387030212922576,-0.00616712987869659
"TNFRSF1B_Gain",-0.0733432959799373,0.0228544394699259,0.0654774095487157,0.0938844786871464,-0.0309088652739899,-0.00156077174213501,-0.0423484605386717,0.0198312357068062,0.0505051587733927,0.0174077621840556,-0.0221914953159151,-0.0954374440800433,0.0554317311136001,-0.0844026529802642,0.0479769297832743,-0.0565367782471377,0.111062566566905,0.0615279029678861,-0.0284098937697367,-0.00679380550356838,0.00769954762600977,0.0712267023297625,-0.0627556098197852,-0.118701776315313,0.013639019764618,-0.0614838913219784,0.0193132311925976,-0.0767768424722033,-0.0504262221515726,-0.00320650062805742
"TNFRSF9_Gain",-0.0136517779079869,0.0020124779206098,0.00702353023156962,0.00665912618312766,-0.0146763615159537,-0.00695651555981706,-0.0149911679181969,0.00281748056209728,0.00451046085971243,0.000185165074071847,-0.00611976866596652,-0.0132726913434453,0.00711303789798609,-0.00230325215413947,0.00876005525317262,-0.0176456616489518,0.0319217189680785,0.00853172667078016,0.00403712899766534,0.000853233571808018,-0.00652426056673422,0.0121155997998465,-0.00744861989240984,-0.0546073801267673,0.00191620230565176,-0.0108092339347315,-0.00610290007556186,-0.00808601592229131,-0.0136326202773489,0.00154442655484137
"TNFRSF9_Loss",-0.00697590610771268,0.00477853912377247,0.0113875560841903,0.00926183191714463,-0.00411583664309647,0.0146955587314787,0.00482125306088063,0.00550712813640496,0.0032591945922899,-0.00467404368963024,-0.00773211669918426,-0.00964231771865377,0.00371058376643945,-0.00416639350630619,0.00211064919346461,-0.00323439739575541,-0.00404793534565855,0.00772633175883028,0.00405137984220076,-0.00436178728489688,0.00771379724244104,0.00553353943137659,-0.0037249554362562,-0.00465674284431669,0.00251683268989264,0.00199264785516317,0.00064578755862183,0.00224489887693414,-0.00596517207169974,0.00738239786328955
"TRAF3IP2_Gain",-0.0403875278717523,0.0180535044652656,-0.00837712973134668,0.0688871348546783,-0.0076092530187344,-0.011014901890963,0.0241712327478765,0.00593267322680653,0.029359238088948,0.00590917119430897,-0.0198259869024338,-0.0294969011181238,0.0174701146116709,-0.0600007212336511,0.0384686122264118,-0.0198104189965029,0.0294313442972956,0.032083445557542,-0.00547754701199252,-0.00975458783731141,-0.00492579710140104,0.020562912964134,-0.0372682018932578,-0.01907999841254,0.00353611577786921,-0.0372069474226591,-0.00442854237489984,-0.0526306192394083,-0.0119075817558014,-0.00540580858085235
"TRIM21_Gain",-0.0103557875343398,0.00185345564329741,-0.00940504713970072,0.0168135570350036,-0.00288076564255688,-0.0158438287870167,0.00553653342953694,-0.000202327826687323,0.00269748635431812,0.00114652516892533,-0.00144012180443098,-0.00519844063624642,0.00110401271605024,-0.0172370090423261,0.00417168538262642,0.00304876223474351,0.00538188141155866,0.00284825852201655,-0.00284061780552459,0.00388231619985567,-0.00381234154299973,0.00189187988833664,-0.00822421249148308,0.00367204981302124,-0.00167025440658619,-0.00291651184214096,-0.000886425083758784,-0.0128815146832684,-0.00464460210040747,0.00659999913639492
"VAV1_Gain",-0.0535561485949791,0.0242507337394989,0.186552202182286,0.00322710799448418,-0.0362553488209166,0.0855203393056537,0.0796151025954521,0.0279211097650907,0.052210906105624,-0.0156187008219686,-0.0586949990441402,-0.0627963844856078,0.055192037784692,-0.021265166557648,0.0465714254162528,-0.0841153216774039,0.0157880557305885,0.0903382068330591,0.00153770447059563,-0.0452797517970656,-0.000322267051899072,0.0683208668096499,-0.0297524537439599,-0.0361836225697489,0.0211188292525934,-0.0315947058864615,0.0546671374729185,0.00147504549134861,-0.0393683068750596,-0.00335602940935077
"WT1_Gain",-0.0316952414440442,0.00138866758517782,0.0676992983320115,0.031326282838857,-0.022886706764885,0.0117417531122702,-0.0259331202840213,0.0154276528042851,0.0301322322454512,0.00663744607327147,0.0144743364729473,-0.0477850024374375,0.0459856521453917,-0.0291266387779705,-0.00173491769418213,-0.045727351396952,0.0630555852599766,0.0348311431983613,-0.0399933358457703,-0.0144193075649348,0.0250039521072592,0.0592618076049763,-0.00902121873884838,-0.0299279486170467,0.00592299605147069,-0.0353735426082189,0.0382328708627209,-0.0219594156658798,-0.0148493727750104,0.00543883729795491
"ZNF830_Gain",0.00863007207711538,0.00662930806477865,0.00465939773453606,0.00739956067668067,-0.0113653495079941,0.014046566767825,-0.0136236709853013,0.00659718871530559,-0.0171449910849333,-0.0146430434866084,0.000460986151463456,0.0139277887323664,-0.0183819300598568,0.0226083416491747,-0.00626320909294817,-0.00828415176106824,0.0028034100929896,0.00281658106380039,0.00567357780204879,-0.0299282340436346,0.0241789995796151,-0.00207284061859051,-0.00120529884265529,-0.0194623933898078,0.0112748661388954,-0.0148172010150221,-0.0249937507841322,0.029520256858733,0.014990979184707,-0.00145856787761052
