Perturbation,tf_rank,rank,gene,score,raw_score,hub_penalty,is_transcription_factor
0,1,1,KDM2A,3.7177767753601074,3.7177767753601074,0.0,True
1,2,2,ZNF217,3.711961507797241,3.711961507797241,0.0,True
2,3,6,IRF5,3.584648609161377,3.584648609161377,0.0,True
3,4,12,PRDM1,3.4751620292663574,3.4751620292663574,0.0,True
4,5,13,STAT2,3.469269037246704,3.469269037246704,0.0,True
5,6,15,IRF9,3.462531328201294,3.462531328201294,0.0,True
6,7,16,BATF,3.4376325607299805,3.4376325607299805,0.0,True
7,8,26,TCF20,3.231426239013672,3.231426239013672,0.0,True
8,9,27,BCL11A,3.1991496086120605,3.1991496086120605,0.0,True
9,10,30,IRF1,3.1755045503377914,3.3209590911865234,0.072727270424366,True
10,11,31,SATB1,3.1642422676086426,3.1642422676086426,0.0,True
11,12,34,BCL6,3.1347579956054688,3.1347579956054688,0.0,True
12,13,36,ZNF91,3.0995912551879883,3.0995912551879883,0.0,True
13,14,39,NR4A3,3.0706286430358887,3.0706286430358887,0.0,True
14,15,42,FOSL2,3.056880235671997,3.056880235671997,0.0,True
15,16,44,IRF7,2.9875965118408203,2.9875965118408203,0.0,True
16,17,45,TRERF1,2.978797197341919,2.978797197341919,0.0,True
17,18,47,MBD2,2.9613699913024902,2.9613699913024902,0.0,True
18,19,58,ZBTB17,2.920706272125244,2.920706272125244,0.0,True
19,20,59,TP73,2.9062743186950684,2.9062743186950684,0.0,True
20,21,61,BACH2,2.8768885135650635,2.8768885135650635,0.0,True
21,22,62,IRF3,2.859250068664551,2.859250068664551,0.0,True
22,23,76,IRF8,2.7410760521888733,3.6501669883728027,0.4545454680919647,True
23,24,81,FOSL1,2.704930067062378,2.704930067062378,0.0,True
24,25,82,GTF2I,2.6994667053222656,2.6994667053222656,0.0,True
25,26,84,IKZF1,2.673240900039673,3.709604501724243,0.5181818008422852,True
26,27,90,JUNB,2.6269678473472595,2.936058759689331,0.15454545617103577,True
27,28,93,ZNF287,2.595402479171753,2.595402479171753,0.0,True
28,29,101,STAT6,2.5741891860961914,2.5741891860961914,0.0,True
29,30,114,ATF2,2.5155954360961914,2.5155954360961914,0.0,True
30,31,130,TFCP2,2.4679107666015625,2.4679107666015625,0.0,True
31,32,131,ZNF512B,2.459873676300049,2.459873676300049,0.0,True
32,33,133,E2F5,2.456613540649414,2.456613540649414,0.0,True
33,34,135,NR3C2,2.4527392387390137,2.4527392387390137,0.0,True
34,35,142,ZIC5,2.435695171356201,2.435695171356201,0.0,True
35,36,153,STAT5B,2.4093356281518936,2.6456992626190186,0.11818181723356247,True
36,37,159,DDIT3,2.3914077281951904,2.3914077281951904,0.0,True
37,38,162,STAT3,2.3852968215942383,2.3852968215942383,0.0,True
38,39,163,GATA1,2.3796763252466917,2.397858142852783,0.00909090880304575,True
39,40,167,NFATC4,2.3497490882873535,2.3497490882873535,0.0,True
40,41,171,IKZF5,2.344034433364868,2.344034433364868,0.0,True
41,42,173,FOXO3,2.3425710201263428,2.3425710201263428,0.0,True
42,43,190,NFE2L3,2.2961559295654297,2.2961559295654297,0.0,True
43,44,193,PLAGL1,2.2931013107299805,2.2931013107299805,0.0,True
44,45,204,NKX2-1,2.2601475715637207,2.2601475715637207,0.0,True
45,46,210,GATA4,2.2409825325012207,2.2409825325012207,0.0,True
46,47,211,FOXP3,2.2344096899032593,2.8525915145874023,0.30909091234207153,True
47,48,249,RUNX3,2.1381216049194336,2.1381216049194336,0.0,True
48,49,251,NFATC2,2.135010004043579,2.135010004043579,0.0,True
49,50,253,IKZF2,2.13083553314209,2.13083553314209,0.0,True
50,51,255,MXD4,2.1288866996765137,2.1288866996765137,0.0,True
51,52,256,JUND,2.120943784713745,2.866398334503174,0.37272727489471436,True
52,53,282,ATF3,2.034945487976074,2.034945487976074,0.0,True
53,54,284,MAFF,2.0301991403102875,2.448380947113037,0.20909090340137482,True
54,55,287,SPIB,2.025911331176758,2.025911331176758,0.0,True
55,56,291,HOXB4,2.016796112060547,2.016796112060547,0.0,True
56,57,297,CEBPB,2.0037410259246826,2.0037410259246826,0.0,True
57,58,305,NFKB1,1.9755148887634277,1.9755148887634277,0.0,True
58,59,312,SOX4,1.956215739250183,1.956215739250183,0.0,True
59,60,314,ETS2,1.9558099508285522,1.9558099508285522,0.0,True
60,61,321,MAFK,1.9230259656906128,2.795753240585327,0.4363636374473572,True
61,62,344,REL,1.8874790668487549,1.8874790668487549,0.0,True
62,63,359,RELB,1.8632018566131592,1.8632018566131592,0.0,True
63,64,360,IRF4,1.853982925415039,3.5812556743621826,0.8636363744735718,True
64,65,366,LEF1,1.8313117027282715,1.8313117027282715,0.0,True
65,66,374,ZNF618,1.8135350942611694,1.8135350942611694,0.0,True
66,67,381,DMRTA2,1.7969377040863037,1.7969377040863037,0.0,True
67,68,382,OLIG3,1.7969377040863037,1.7969377040863037,0.0,True
68,69,387,MAFG,1.7860309481620789,2.5678491592407227,0.3909091055393219,True
69,70,397,ZNF404,1.765202283859253,1.765202283859253,0.0,True
70,71,406,NEUROG1,1.7500460147857666,1.7500460147857666,0.0,True
71,72,408,DMTF1,1.7447530031204224,1.7447530031204224,0.0,True
72,73,425,ETV4,1.725195050239563,1.725195050239563,0.0,True
73,74,428,ARHGAP35,1.7226486206054688,1.7226486206054688,0.0,True
74,75,430,CEBPD,1.7194955348968506,1.7194955348968506,0.0,True
75,76,437,SNAI1,1.7090537548065186,1.7090537548065186,0.0,True
76,77,438,ZIM3,1.7048815488815308,1.7048815488815308,0.0,True
77,78,444,RORC,1.6885285377502441,1.6885285377502441,0.0,True
78,79,468,DMRTA1,1.6514458656311035,1.6514458656311035,0.0,True
79,80,474,ZIM2,1.6477153301239014,1.6477153301239014,0.0,True
80,81,483,ATF4,1.6249210834503174,1.6249210834503174,0.0,True
81,82,500,TFAP2C,1.5942814350128174,1.5942814350128174,0.0,True
82,83,511,HINFP,1.577932357788086,1.577932357788086,0.0,True
83,84,513,STAT1,1.5685645639896393,1.7867463827133179,0.1090909093618393,True
84,85,515,STAT4,1.566515326499939,1.566515326499939,0.0,True
85,86,517,EGR1,1.5630402397364378,1.5812220573425293,0.00909090880304575,True
86,87,525,STAT5A,1.5509317517280579,2.2600226402282715,0.3545454442501068,True
87,88,528,ZNF195,1.544088363647461,1.544088363647461,0.0,True
88,89,537,JDP2,1.5213518142700195,1.5213518142700195,0.0,True
89,90,538,FOXC1,1.5200766324996948,1.5200766324996948,0.0,True
90,91,541,CEBPE,1.5170578956604004,1.5170578956604004,0.0,True
91,92,545,SPI1,1.5108903646469116,2.583617687225342,0.5363636612892151,True
92,93,555,NKX3-2,1.491512417793274,1.491512417793274,0.0,True
93,94,568,FOXC2,1.4652504920959473,1.4652504920959473,0.0,True
94,95,571,RUNX2,1.4556634426116943,1.4556634426116943,0.0,True
95,96,588,SATB2,1.417335033416748,1.417335033416748,0.0,True
96,97,594,ETS1,1.409929245710373,1.700838327407837,0.145454540848732,True
97,98,595,MYBL2,1.4071934223175049,1.4071934223175049,0.0,True
98,99,600,ATOH1,1.3827714920043945,1.3827714920043945,0.0,True
99,100,610,PAX9,1.368153691291809,1.368153691291809,0.0,True
100,101,622,GFI1,1.3416112661361694,1.3416112661361694,0.0,True
101,102,627,TP53,1.3343687057495117,1.3343687057495117,0.0,True
102,103,637,MYC,1.3125667572021484,1.3125667572021484,0.0,True
103,104,641,ZNF44,1.3085792064666748,1.3085792064666748,0.0,True
104,105,643,ZNF501,1.304011583328247,1.304011583328247,0.0,True
105,106,644,ZNF629,1.304011583328247,1.304011583328247,0.0,True
106,107,645,ZNF763,1.3040114641189575,1.3040114641189575,0.0,True
107,108,647,SMAD4,1.3028168678283691,1.3028168678283691,0.0,True
108,109,651,ZNF260,1.3002216815948486,1.3002216815948486,0.0,True
109,110,654,MBD3,1.2975780963897705,1.2975780963897705,0.0,True
110,111,657,HOXC4,1.2949905395507812,1.2949905395507812,0.0,True
111,112,662,HOXC5,1.284249186515808,1.284249186515808,0.0,True
112,113,686,PIN1,1.2450844049453735,1.2450844049453735,0.0,True
113,114,707,HOXD4,1.211545705795288,1.211545705795288,0.0,True
114,115,715,SOX3,1.199726939201355,1.199726939201355,0.0,True
115,116,725,PRDM2,1.1783798933029175,1.1783798933029175,0.0,True
116,117,730,BCL6B,1.170964002609253,1.170964002609253,0.0,True
117,118,731,ZNF304,1.1706870794296265,1.1706870794296265,0.0,True
118,119,742,SPIC,1.1533488035202026,1.1533488035202026,0.0,True
119,120,744,SMAD3,1.1450074911117554,1.1450074911117554,0.0,True
120,121,754,HOXB5,1.1264172792434692,1.1264172792434692,0.0,True
121,122,781,ZEB1,1.068110466003418,1.068110466003418,0.0,True
122,123,786,ZFP42,1.0569519996643066,1.0569519996643066,0.0,True
123,124,789,ZNF436,1.0556584596633911,1.0556584596633911,0.0,True
124,125,806,HOXC6,1.0289450883865356,1.0289450883865356,0.0,True
125,126,820,GFI1B,1.0054821968078613,1.0054821968078613,0.0,True
126,127,828,PAX1,0.9884333610534668,0.9884333610534668,0.0,True
127,128,829,NFYC,0.9877839684486389,0.9877839684486389,0.0,True
128,129,840,PRDM16,0.9649604558944702,0.9649604558944702,0.0,True
129,130,841,HOXB7,0.963716983795166,0.963716983795166,0.0,True
130,131,848,EGR4,0.9545000791549683,0.9545000791549683,0.0,True
131,132,859,GRHL2,0.9197388887405396,0.9197388887405396,0.0,True
132,133,860,FOS,0.9184045791625977,2.2274954319000244,0.6545454263687134,True
133,134,861,TWIST1,0.9173490405082703,0.9173490405082703,0.0,True
134,135,862,ZNF582,0.9162580966949463,0.9162580966949463,0.0,True
135,136,864,HOXB6,0.9145214557647705,0.9145214557647705,0.0,True
136,137,873,HOXA6,0.8890566825866699,0.8890566825866699,0.0,True
137,138,875,CENPX,0.8884077072143555,0.8884077072143555,0.0,True
138,139,876,UBP1,0.8868911266326904,0.8868911266326904,0.0,True
139,140,877,TTF1,0.8850589394569397,0.8850589394569397,0.0,True
140,141,881,SOX1,0.8780834674835205,0.8780834674835205,0.0,True
141,142,885,E2F3,0.8695424795150757,0.8695424795150757,0.0,True
142,143,890,SP6,0.8549589514732361,0.8549589514732361,0.0,True
143,144,895,NFE2L2,0.8414232730865479,0.8414232730865479,0.0,True
144,145,909,NR3C1,0.8099652528762817,0.8099652528762817,0.0,True
145,146,910,HIF1A,0.8077507615089417,0.8077507615089417,0.0,True
146,147,921,HNF4G,0.7819502353668213,0.7819502353668213,0.0,True
147,148,923,TFDP1,0.7796071767807007,0.7796071767807007,0.0,True
148,149,926,CEBPG,0.7741955518722534,0.7741955518722534,0.0,True
149,150,929,E4F1,0.770858883857727,0.770858883857727,0.0,True
150,151,949,ZBTB32,0.7296921610832214,0.7296921610832214,0.0,True
151,152,950,ZNF131,0.7288094758987427,0.7288094758987427,0.0,True
152,153,954,SNAI3,0.7223336696624756,0.7223336696624756,0.0,True
153,154,972,BCL11B,0.6977587342262268,0.6977587342262268,0.0,True
154,155,975,USF2,0.6930795907974243,0.6930795907974243,0.0,True
155,156,983,HOXD9,0.6856594681739807,0.6856594681739807,0.0,True
156,157,991,CENPS,0.6688551902770996,0.6688551902770996,0.0,True
157,158,992,NFATC1,0.6677898168563843,0.6677898168563843,0.0,True
158,159,999,PPARG,0.6585323810577393,0.6585323810577393,0.0,True
159,160,1002,CEBPA,0.6522652506828308,0.6522652506828308,0.0,True
160,161,1010,OSR2,0.6349436640739441,0.6349436640739441,0.0,True
161,162,1013,HEY1,0.6302668452262878,0.6302668452262878,0.0,True
162,163,1069,NFIL3,0.5064682960510254,0.5064682960510254,0.0,True
163,164,1081,CREB3L2,0.4840763807296753,0.4840763807296753,0.0,True
164,165,1085,TBX18,0.47845590114593506,0.47845590114593506,0.0,True
165,166,1091,GSX1,0.4669214189052582,0.4669214189052582,0.0,True
166,167,1096,BATF2,0.45712706446647644,0.45712706446647644,0.0,True
167,168,1105,CREB1,0.4400620758533478,0.4400620758533478,0.0,True
168,169,1110,NFKB2,0.4317938983440399,0.4317938983440399,0.0,True
169,170,1120,NOTO,0.4122273027896881,0.4122273027896881,0.0,True
170,171,1127,ZNF382,0.4002966582775116,0.4002966582775116,0.0,True
171,172,1150,ERG,0.37226688861846924,0.37226688861846924,0.0,True
172,173,1153,MLX,0.370596319437027,0.370596319437027,0.0,True
173,174,1176,TWIST2,0.34254327416419983,0.34254327416419983,0.0,True
174,175,1180,LYL1,0.33743077516555786,0.33743077516555786,0.0,True
175,176,1182,MNT,0.3349534869194031,0.3349534869194031,0.0,True
176,177,1184,SP1,0.3345465660095215,0.3345465660095215,0.0,True
177,178,1212,BACH1,0.2864353656768799,0.2864353656768799,0.0,True
178,179,1222,SPEN,0.2730731964111328,0.2730731964111328,0.0,True
179,180,1227,RBCK1,0.2587881088256836,0.2587881088256836,0.0,True
180,181,1237,ZNF420,0.24783071875572205,0.24783071875572205,0.0,True
181,182,1240,MLXIP,0.2370479702949524,0.2370479702949524,0.0,True
182,183,1241,USF1,0.23647519946098328,0.23647519946098328,0.0,True
183,184,1256,E2F1,0.210139662027359,0.210139662027359,0.0,True
184,185,1281,ZGPAT,0.16830691695213318,0.16830691695213318,0.0,True
185,186,1283,ZBTB44,0.1665964126586914,0.1665964126586914,0.0,True
186,187,1291,SP3,0.15982171893119812,0.15982171893119812,0.0,True
187,188,1292,HMG20A,0.1558501124382019,0.1558501124382019,0.0,True
188,189,1297,PCGF2,0.1452580690383911,0.1452580690383911,0.0,True
189,190,1312,ZXDC,0.12287282943725586,0.12287282943725586,0.0,True
190,191,1314,IRX5,0.12154246121644974,0.12154246121644974,0.0,True
191,192,1325,MYBL1,0.1093391478061676,0.1093391478061676,0.0,True
192,193,1337,MEOX2,0.10079551488161087,0.10079551488161087,0.0,True
193,194,1341,PAX5,0.09476667642593384,0.09476667642593384,0.0,True
194,195,1385,GLMP,0.039066165685653687,0.039066165685653687,0.0,True
195,196,1397,MEOX1,0.016820885241031647,0.016820885241031647,0.0,True
196,197,1420,ZNF79,-0.02379654347896576,-0.02379654347896576,0.0,True
197,198,1436,NR2F2,-0.048683904111385345,-0.048683904111385345,0.0,True
198,199,1439,TFAP4,-0.05264604091644287,-0.05264604091644287,0.0,True
199,200,1455,ZNF609,-0.0692756175994873,-0.0692756175994873,0.0,True
200,201,1460,HMBOX1,-0.08048485219478607,-0.08048485219478607,0.0,True
201,202,1461,ARID5B,-0.08260518312454224,-0.08260518312454224,0.0,True
202,203,1462,NFYA,-0.08417874574661255,-0.08417874574661255,0.0,True
203,204,1474,ZNF569,-0.09995275735855103,-0.09995275735855103,0.0,True
204,205,1481,NANOGP8,-0.11814574152231216,-0.11814574152231216,0.0,True
205,206,1487,ATOH8,-0.12848371267318726,-0.12848371267318726,0.0,True
206,207,1493,ZNF3,-0.13399282097816467,-0.13399282097816467,0.0,True
207,208,1511,NKX6-3,-0.16513973474502563,-0.16513973474502563,0.0,True
208,209,1515,CBX2,-0.17000913619995117,-0.17000913619995117,0.0,True
209,210,1528,SP5,-0.19223710894584656,-0.19223710894584656,0.0,True
210,211,1529,AHR,-0.19594913721084595,-0.19594913721084595,0.0,True
211,212,1539,TCF7L2,-0.21350950002670288,-0.21350950002670288,0.0,True
212,213,1557,KLF14,-0.22928257286548615,-0.22928257286548615,0.0,True
213,214,1558,ZNF148,-0.22942018508911133,-0.22942018508911133,0.0,True
214,215,1559,GATA3,-0.22960835695266724,-0.22960835695266724,0.0,True
215,216,1561,ZBTB7A,-0.23147040605545044,-0.23147040605545044,0.0,True
216,217,1569,OVOL1,-0.24909108877182007,-0.24909108877182007,0.0,True
217,218,1575,RHOXF1,-0.25821298360824585,-0.25821298360824585,0.0,True
218,219,1579,ZNF20,-0.26461493968963623,-0.26461493968963623,0.0,True
219,220,1606,ZFP64,-0.2984386682510376,-0.2984386682510376,0.0,True
220,221,1623,MESP1,-0.32686105370521545,-0.32686105370521545,0.0,True
221,222,1626,ESR1,-0.33143526315689087,-0.33143526315689087,0.0,True
222,223,1646,AKAP8L,-0.35299330949783325,-0.35299330949783325,0.0,True
223,224,1665,RARA,-0.37953895330429077,-0.37953895330429077,0.0,True
224,225,1668,EPAS1,-0.38170987367630005,-0.38170987367630005,0.0,True
225,226,1672,TCF4,-0.39119935035705566,-0.39119935035705566,0.0,True
226,227,1711,BARHL1,-0.4369022250175476,-0.4369022250175476,0.0,True
227,228,1720,CREB3L3,-0.4511750340461731,-0.4511750340461731,0.0,True
228,229,1722,RUNX1,-0.4512593746185303,-0.4512593746185303,0.0,True
229,230,1728,GATA6,-0.4630414843559265,-0.4630414843559265,0.0,True
230,231,1736,DMRT3,-0.47323277592658997,-0.47323277592658997,0.0,True
231,232,1757,INSM2,-0.5000718832015991,-0.5000718832015991,0.0,True
232,233,1772,ETV3,-0.526192307472229,-0.526192307472229,0.0,True
233,234,1780,AR,-0.5328193306922913,-0.5328193306922913,0.0,True
234,235,1781,NR2F6,-0.5350333452224731,-0.5350333452224731,0.0,True
235,236,1790,ZNF219,-0.5521678924560547,-0.5521678924560547,0.0,True
236,237,1801,E2F7,-0.5751174688339233,-0.5751174688339233,0.0,True
237,238,1806,CUX1,-0.5808872580528259,-0.5808872580528259,0.0,True
238,239,1826,ZBTB7C,-0.5968312621116638,-0.5968312621116638,0.0,True
239,240,1834,HOXD10,-0.6064528226852417,-0.6064528226852417,0.0,True
240,241,1865,HOXA7,-0.6556856632232666,-0.6556856632232666,0.0,True
241,242,1869,GATAD2B,-0.6594264507293701,-0.6594264507293701,0.0,True
242,243,1888,TET1,-0.6880728006362915,-0.6880728006362915,0.0,True
243,244,1892,NKX3-1,-0.6901788711547852,-0.6901788711547852,0.0,True
244,245,1908,HOXB1,-0.7084327936172485,-0.7084327936172485,0.0,True
245,246,1911,ZHX3,-0.7095689177513123,-0.7095689177513123,0.0,True
246,247,1929,RXRB,-0.7294545769691467,-0.7294545769691467,0.0,True
247,248,1937,SALL2,-0.7440386414527893,-0.7440386414527893,0.0,True
248,249,1974,DMBX1,-0.7833372354507446,-0.7833372354507446,0.0,True
249,250,1999,TFEC,-0.8159775733947754,-0.8159775733947754,0.0,True
250,251,2019,GATAD2A,-0.8414283990859985,-0.8414283990859985,0.0,True
251,252,2034,EBF1,-0.8567649722099304,-0.8567649722099304,0.0,True
252,253,2042,TFAP2A,-0.8606806397438049,-0.8606806397438049,0.0,True
253,254,2046,AKAP8,-0.8662064671516418,-0.8662064671516418,0.0,True
254,255,2063,CPEB1,-0.8871920108795166,-0.8871920108795166,0.0,True
255,256,2069,ZNF410,-0.8903652429580688,-0.8903652429580688,0.0,True
256,257,2075,LCOR,-0.8981189727783203,-0.8981189727783203,0.0,True
257,258,2091,HOXD11,-0.9164217710494995,-0.9164217710494995,0.0,True
258,259,2101,TET2,-0.9276498556137085,-0.9276498556137085,0.0,True
259,260,2103,GMEB1,-0.9282934665679932,-0.9282934665679932,0.0,True
260,261,2106,VDR,-0.9302888512611389,-0.9302888512611389,0.0,True
261,262,2108,AHCTF1,-0.9320999979972839,-0.9320999979972839,0.0,True
262,263,2109,KDM5B,-0.9324618577957153,-0.9324618577957153,0.0,True
263,264,2122,TCF3,-0.95611172914505,-0.95611172914505,0.0,True
264,265,2125,MAF,-0.9581845998764038,-0.6309118866920471,0.16363635659217834,True
265,266,2141,E2F2,-0.972672164440155,-0.972672164440155,0.0,True
266,267,2154,SRF,-0.9905100464820862,-0.9905100464820862,0.0,True
267,268,2158,CREB3,-0.9926890134811401,-0.9926890134811401,0.0,True
268,269,2164,RBPJ,-1.0006732940673828,-1.0006732940673828,0.0,True
269,270,2165,YY1,-1.0029830932617188,-1.0029830932617188,0.0,True
270,271,2188,RBPJL,-1.0269864797592163,-1.0269864797592163,0.0,True
271,272,2200,NR2C1,-1.0443997383117676,-1.0443997383117676,0.0,True
272,273,2201,HEYL,-1.0449376106262207,-1.0449376106262207,0.0,True
273,274,2208,HES1,-1.0500462055206299,-1.0500462055206299,0.0,True
274,275,2233,HOXD8,-1.070665955543518,-1.070665955543518,0.0,True
275,276,2236,ZNF140,-1.072422981262207,-1.072422981262207,0.0,True
276,277,2275,POU5F1,-1.1132503747940063,-1.1132503747940063,0.0,True
277,278,2278,ZNF547,-1.113722324371338,-1.113722324371338,0.0,True
278,279,2290,HOXB9,-1.1303179264068604,-1.1303179264068604,0.0,True
279,280,2295,MNX1,-1.136566400527954,-1.136566400527954,0.0,True
280,281,2299,ARNT,-1.1395926475524902,-1.1395926475524902,0.0,True
281,282,2311,HIF3A,-1.148323893547058,-1.148323893547058,0.0,True
282,283,2313,MYOG,-1.1501100063323975,-1.1501100063323975,0.0,True
283,284,2317,ZNF346,-1.1549403667449951,-1.1549403667449951,0.0,True
284,285,2322,OSR1,-1.1599781513214111,-1.1599781513214111,0.0,True
285,286,2326,TSHZ2,-1.1651279926300049,-1.1651279926300049,0.0,True
286,287,2328,TFDP2,-1.166268229484558,-1.166268229484558,0.0,True
287,288,2337,EGR2,-1.1709574460983276,-1.1709574460983276,0.0,True
288,289,2345,FOXO6,-1.1813561916351318,-1.1813561916351318,0.0,True
289,290,2369,FOXE1,-1.2023509740829468,-1.2023509740829468,0.0,True
290,291,2370,TCFL5,-1.2033562660217285,-1.2033562660217285,0.0,True
291,292,2379,CTCF,-1.2077195644378662,-1.2077195644378662,0.0,True
292,293,2384,ASCL2,-1.209241509437561,-1.209241509437561,0.0,True
293,294,2395,INSM1,-1.2198240756988525,-1.2198240756988525,0.0,True
294,295,2397,GMEB2,-1.221126914024353,-1.221126914024353,0.0,True
295,296,2409,RXRA,-1.2330305576324463,-1.2330305576324463,0.0,True
296,297,2415,ZFPM1,-1.2392172813415527,-1.2392172813415527,0.0,True
297,298,2425,ESRRA,-1.2479066848754883,-1.2479066848754883,0.0,True
298,299,2445,ZNF687,-1.2604517936706543,-1.2604517936706543,0.0,True
299,300,2468,NFX1,-1.2785592079162598,-1.2785592079162598,0.0,True
300,301,2473,LIN54,-1.286402940750122,-1.286402940750122,0.0,True
301,302,2478,ZNF331,-1.2913572788238525,-1.2913572788238525,0.0,True
302,303,2479,ALX1,-1.2920434474945068,-1.2920434474945068,0.0,True
303,304,2485,ZNF175,-1.2945148944854736,-1.2945148944854736,0.0,True
304,305,2494,MEF2C,-1.3014171123504639,-1.3014171123504639,0.0,True
305,306,2501,NKX2-8,-1.3104130029678345,-1.3104130029678345,0.0,True
306,307,2508,PEG3,-1.3147392272949219,-1.3147392272949219,0.0,True
307,308,2509,BHLHE41,-1.3147668838500977,-1.3147668838500977,0.0,True
308,309,2533,MAZ,-1.3313357830047607,-1.3313357830047607,0.0,True
309,310,2536,NCOA3,-1.3337182998657227,-1.3337182998657227,0.0,True
310,311,2540,RORA,-1.3375961780548096,-1.3375961780548096,0.0,True
311,312,2541,NME2,-1.3389523029327393,-1.3389523029327393,0.0,True
312,313,2548,ZNF14,-1.3447070121765137,-1.3447070121765137,0.0,True
313,314,2554,NANOG,-1.3495581150054932,-1.3495581150054932,0.0,True
314,315,2563,POU2F2,-1.3548038005828857,-1.3548038005828857,0.0,True
315,316,2569,RFX5,-1.3572052717208862,-1.3572052717208862,0.0,True
316,317,2570,CTCFL,-1.3575304746627808,-1.3575304746627808,0.0,True
317,318,2574,ZNF281,-1.3597902059555054,-1.3597902059555054,0.0,True
318,319,2577,PRDM9,-1.3606679439544678,-1.3606679439544678,0.0,True
319,320,2582,CDC5L,-1.363206386566162,-1.363206386566162,0.0,True
320,321,2596,KLF4,-1.3721418380737305,-1.3721418380737305,0.0,True
321,322,2601,BAZ2A,-1.3739075660705566,-1.3739075660705566,0.0,True
322,323,2608,PBX3,-1.3788118362426758,-1.3788118362426758,0.0,True
323,324,2612,SOX2,-1.3812625408172607,-1.3812625408172607,0.0,True
324,325,2625,HBP1,-1.3874313831329346,-1.3874313831329346,0.0,True
325,326,2635,HLX,-1.390584945678711,-1.390584945678711,0.0,True
326,327,2638,E2F8,-1.3923579454421997,-1.3923579454421997,0.0,True
327,328,2641,SP110,-1.3930206298828125,-1.3930206298828125,0.0,True
328,329,2647,TET3,-1.3945266008377075,-1.3945266008377075,0.0,True
329,330,2654,ADNP2,-1.3997244834899902,-1.3997244834899902,0.0,True
330,331,2680,IKZF4,-1.4207062721252441,-1.4207062721252441,0.0,True
331,332,2686,ZBTB7B,-1.4243934154510498,-1.4243934154510498,0.0,True
332,333,2688,MXD1,-1.426124095916748,-1.426124095916748,0.0,True
333,334,2699,ESRRB,-1.4318900108337402,-1.4318900108337402,0.0,True
334,335,2707,MEF2D,-1.435544490814209,-1.435544490814209,0.0,True
335,336,2735,PRR12,-1.4508056640625,-1.4508056640625,0.0,True
336,337,2740,FOXM1,-1.4538196325302124,-1.4538196325302124,0.0,True
337,338,2747,PITX2,-1.4597420692443848,-1.4597420692443848,0.0,True
338,339,2755,EN2,-1.463410496711731,-1.463410496711731,0.0,True
339,340,2759,SOX21,-1.4647051095962524,-1.4647051095962524,0.0,True
340,341,2763,ZNF268,-1.4659926891326904,-1.4659926891326904,0.0,True
341,342,2768,HES3,-1.4681878089904785,-1.4681878089904785,0.0,True
342,343,2769,NEUROD6,-1.469883680343628,-1.469883680343628,0.0,True
343,344,2774,MAX,-1.472532033920288,-1.472532033920288,0.0,True
344,345,2777,MZF1,-1.4737038612365723,-1.4737038612365723,0.0,True
345,346,2778,HMG20B,-1.4737577438354492,-1.4737577438354492,0.0,True
346,347,2806,PGR,-1.4888825416564941,-1.4888825416564941,0.0,True
347,348,2809,IRX3,-1.4905543327331543,-1.4905543327331543,0.0,True
348,349,2821,SP9,-1.496585488319397,-1.496585488319397,0.0,True
349,350,2823,MXI1,-1.497151255607605,-1.497151255607605,0.0,True
350,351,2846,KLF16,-1.5081019401550293,-1.5081019401550293,0.0,True
351,352,2859,PAX7,-1.5159482955932617,-1.5159482955932617,0.0,True
352,353,2865,KLF17,-1.5218768119812012,-1.5218768119812012,0.0,True
353,354,2867,CHCHD3,-1.5229387283325195,-1.5229387283325195,0.0,True
354,355,2877,NR1H2,-1.5266661643981934,-1.5266661643981934,0.0,True
355,356,2886,SKI,-1.5319833755493164,-1.5319833755493164,0.0,True
356,357,2890,ZSCAN10,-1.534324049949646,-1.534324049949646,0.0,True
357,358,2894,SOX11,-1.5358703136444092,-1.5358703136444092,0.0,True
358,359,2913,SHOX,-1.5400649309158325,-1.5400649309158325,0.0,True
359,360,2915,MECP2,-1.541057825088501,-1.541057825088501,0.0,True
360,361,2923,GLI2,-1.5440593957901,-1.5440593957901,0.0,True
361,362,2925,SMAD1,-1.5443894863128662,-1.5443894863128662,0.0,True
362,363,2928,KLF10,-1.5456883907318115,-1.5456883907318115,0.0,True
363,364,2943,TGIF1,-1.5548689365386963,-1.5548689365386963,0.0,True
364,365,2958,ATF1,-1.562393069267273,-1.562393069267273,0.0,True
365,366,2963,HOXB3,-1.5638056993484497,-1.5638056993484497,0.0,True
366,367,2971,HOXA10,-1.5649442672729492,-1.5649442672729492,0.0,True
367,368,2977,PLAG1,-1.5662579536437988,-1.5662579536437988,0.0,True
368,369,2979,ETV1,-1.566796064376831,-1.566796064376831,0.0,True
369,370,2992,MBD1,-1.572741985321045,-1.572741985321045,0.0,True
370,371,3000,ZNF200,-1.5761075019836426,-1.5761075019836426,0.0,True
371,372,3003,AKNA,-1.5790311098098755,-1.5790311098098755,0.0,True
372,373,3007,SKIL,-1.5805027484893799,-1.5805027484893799,0.0,True
373,374,3014,MITF,-1.5834782123565674,-1.5834782123565674,0.0,True
374,375,3017,CASZ1,-1.5842125415802002,-1.5842125415802002,0.0,True
375,376,3019,KCNIP3,-1.585395336151123,-1.585395336151123,0.0,True
376,377,3024,TP63,-1.586755394935608,-1.586755394935608,0.0,True
377,378,3037,ATF5,-1.5911173820495605,-1.5911173820495605,0.0,True
378,379,3041,PKNOX1,-1.5926282405853271,-1.5926282405853271,0.0,True
379,380,3080,MEIS1,-1.6062391996383667,-1.6062391996383667,0.0,True
380,381,3085,ZNF592,-1.6090497970581055,-1.6090497970581055,0.0,True
381,382,3087,PLSCR1,-1.6100637912750244,-1.6100637912750244,0.0,True
382,383,3088,ZKSCAN1,-1.6108139753341675,-1.6108139753341675,0.0,True
383,384,3089,CHAMP1,-1.6112972497940063,-1.6112972497940063,0.0,True
384,385,3099,MLXIPL,-1.6183587312698364,-1.6183587312698364,0.0,True
385,386,3101,NR4A2,-1.6191436052322388,-1.6191436052322388,0.0,True
386,387,3106,FAM170A,-1.621683120727539,-1.621683120727539,0.0,True
387,388,3107,ZBTB33,-1.6216840744018555,-1.6216840744018555,0.0,True
388,389,3112,KLF8,-1.6247079372406006,-1.6247079372406006,0.0,True
389,390,3120,SOX17,-1.6276447772979736,-1.6276447772979736,0.0,True
390,391,3121,VENTX,-1.6277320384979248,-1.6277320384979248,0.0,True
391,392,3140,HOXD3,-1.6348248720169067,-1.6348248720169067,0.0,True
392,393,3160,TBX19,-1.6414430141448975,-1.6414430141448975,0.0,True
393,394,3170,FOXJ3,-1.6450605392456055,-1.6450605392456055,0.0,True
394,395,3190,PATZ1,-1.654619574546814,-1.654619574546814,0.0,True
395,396,3205,SETBP1,-1.6612752676010132,-1.6612752676010132,0.0,True
396,397,3206,ZBTB22,-1.661457896232605,-1.661457896232605,0.0,True
397,398,3225,KLF13,-1.6710381507873535,-1.6710381507873535,0.0,True
398,399,3242,VEZF1,-1.6768275499343872,-1.6768275499343872,0.0,True
399,400,3246,ZNF316,-1.6778827905654907,-1.6778827905654907,0.0,True
400,401,3247,REST,-1.677932620048523,-1.677932620048523,0.0,True
401,402,3253,FOXA1,-1.6805033683776855,-1.6805033683776855,0.0,True
402,403,3260,ZBTB38,-1.682671308517456,-1.682671308517456,0.0,True
403,404,3264,MYOD1,-1.6862897872924805,-1.6862897872924805,0.0,True
404,405,3267,ZNF117,-1.6874059438705444,-1.6874059438705444,0.0,True
405,406,3268,KMT2B,-1.6883281469345093,-1.6883281469345093,0.0,True
406,407,3274,MEF2A,-1.6897876262664795,-1.6897876262664795,0.0,True
407,408,3277,KLF6,-1.6908258199691772,-1.6908258199691772,0.0,True
408,409,3282,IRX2,-1.6911628246307373,-1.6911628246307373,0.0,True
409,410,3295,ISL2,-1.6961796283721924,-1.6961796283721924,0.0,True
410,411,3303,ZNF383,-1.6977207660675049,-1.6977207660675049,0.0,True
411,412,3305,HHEX,-1.6983249187469482,-1.6983249187469482,0.0,True
412,413,3308,KMT2A,-1.7003302574157715,-1.7003302574157715,0.0,True
413,414,3309,ZFAT,-1.7005432844161987,-1.7005432844161987,0.0,True
414,415,3323,SOX9,-1.7045881748199463,-1.7045881748199463,0.0,True
415,416,3331,ZNF513,-1.7062287330627441,-1.7062287330627441,0.0,True
416,417,3336,PPARA,-1.7071239948272705,-1.7071239948272705,0.0,True
417,418,3340,FOXG1,-1.7075560092926025,-1.7075560092926025,0.0,True
418,419,3344,CENPB,-1.7087464332580566,-1.7087464332580566,0.0,True
419,420,3353,LHX8,-1.7116305828094482,-1.7116305828094482,0.0,True
420,421,3356,LMX1B,-1.7129650115966797,-1.7129650115966797,0.0,True
421,422,3407,ZBTB24,-1.7295328378677368,-1.7295328378677368,0.0,True
422,423,3421,DOT1L,-1.7333600521087646,-1.7333600521087646,0.0,True
423,424,3425,NKX2-3,-1.733591079711914,-1.733591079711914,0.0,True
424,425,3442,ELF1,-1.7379605770111084,-1.7379605770111084,0.0,True
425,426,3449,TBX4,-1.739055871963501,-1.739055871963501,0.0,True
426,427,3463,SMYD3,-1.7431261539459229,-1.7431261539459229,0.0,True
427,428,3475,HOXC8,-1.7453875541687012,-1.7453875541687012,0.0,True
428,429,3478,RFX4,-1.7461044788360596,-1.7461044788360596,0.0,True
429,430,3480,HNF4A,-1.7464462518692017,-1.7464462518692017,0.0,True
430,431,3507,L3MBTL3,-1.752974510192871,-1.752974510192871,0.0,True
431,432,3510,ARID2,-1.7535138130187988,-1.7535138130187988,0.0,True
432,433,3518,GATA2,-1.7546794414520264,-1.7546794414520264,0.0,True
433,434,3519,ZNF500,-1.7547829151153564,-1.7547829151153564,0.0,True
434,435,3522,NCOA1,-1.7553410530090332,-1.7553410530090332,0.0,True
435,436,3523,HIVEP2,-1.7553975582122803,-1.7553975582122803,0.0,True
436,437,3524,TBP,-1.7555456161499023,-1.7555456161499023,0.0,True
437,438,3528,CXXC1,-1.7562263011932373,-1.7562263011932373,0.0,True
438,439,3535,PHF21A,-1.7572572231292725,-1.7572572231292725,0.0,True
439,440,3546,SETDB1,-1.7600456476211548,-1.7600456476211548,0.0,True
440,441,3552,PRDM10,-1.7609158754348755,-1.7609158754348755,0.0,True
441,442,3579,NFIA,-1.7684452533721924,-1.7684452533721924,0.0,True
442,443,3598,HMGA1,-1.7725821733474731,-1.7725821733474731,0.0,True
443,444,3602,KLF3,-1.7737457752227783,-1.7737457752227783,0.0,True
444,445,3626,TFDP3,-1.7771586179733276,-1.7771586179733276,0.0,True
445,446,3633,NPAS2,-1.778198003768921,-1.778198003768921,0.0,True
446,447,3635,SNAI2,-1.7795745134353638,-1.7795745134353638,0.0,True
447,448,3639,ZBTB48,-1.7802931070327759,-1.7802931070327759,0.0,True
448,449,3672,PAX3,-1.7859702110290527,-1.7859702110290527,0.0,True
449,450,3679,TBX1,-1.7865359783172607,-1.7865359783172607,0.0,True
450,451,3680,PHF19,-1.7867646217346191,-1.7867646217346191,0.0,True
451,452,3693,ETV2,-1.7886244058609009,-1.7886244058609009,0.0,True
452,453,3694,ISX,-1.7886873483657837,-1.7886873483657837,0.0,True
453,454,3695,ZNF224,-1.7891013622283936,-1.7891013622283936,0.0,True
454,455,3699,ZNF135,-1.789795160293579,-1.789795160293579,0.0,True
455,456,3712,ZFP90,-1.7919113636016846,-1.7919113636016846,0.0,True
456,457,3716,FOXK2,-1.7927730083465576,-1.7927730083465576,0.0,True
457,458,3729,E2F4,-1.7954378128051758,-1.7954378128051758,0.0,True
458,459,3732,GLI3,-1.7959474325180054,-1.7959474325180054,0.0,True
459,460,3744,TLX1,-1.7985559701919556,-1.7985559701919556,0.0,True
460,461,3779,FOXS1,-1.805962085723877,-1.805962085723877,0.0,True
461,462,3784,KDM2B,-1.8072428703308105,-1.8072428703308105,0.0,True
462,463,3793,ZNF197,-1.809046983718872,-1.809046983718872,0.0,True
463,464,3799,ZNF57,-1.8097057342529297,-1.8097057342529297,0.0,True
464,465,3825,ETV6,-1.8148576021194458,-1.8148576021194458,0.0,True
465,466,3826,CPXCR1,-1.8149619102478027,-1.8149619102478027,0.0,True
466,467,3844,RARG,-1.8192014694213867,-1.8192014694213867,0.0,True
467,468,3882,HMGA2,-1.8244845867156982,-1.8244845867156982,0.0,True
468,469,3891,FOXR1,-1.8266270160675049,-1.8266270160675049,0.0,True
469,470,3895,HOXA3,-1.827417254447937,-1.827417254447937,0.0,True
470,471,3903,ARID3A,-1.8291665315628052,-1.8291665315628052,0.0,True
471,472,3932,TCF12,-1.8336284160614014,-1.8336284160614014,0.0,True
472,473,3938,ZNF174,-1.8348921537399292,-1.8348921537399292,0.0,True
473,474,3948,KLF9,-1.8365185260772705,-1.8365185260772705,0.0,True
474,475,3957,ZNF83,-1.8379844427108765,-1.8379844427108765,0.0,True
475,476,3971,MTF2,-1.839996337890625,-1.839996337890625,0.0,True
476,477,3975,ZNF451,-1.8404135704040527,-1.8404135704040527,0.0,True
477,478,3987,ZIC3,-1.8424584865570068,-1.8424584865570068,0.0,True
478,479,3990,MECOM,-1.8425719738006592,-1.8425719738006592,0.0,True
479,480,4002,MYCN,-1.844635009765625,-1.844635009765625,0.0,True
480,481,4018,ZFHX4,-1.8461511135101318,-1.8461511135101318,0.0,True
481,482,4042,ZNF398,-1.849621295928955,-1.849621295928955,0.0,True
482,483,4050,FEZF1,-1.8517534732818604,-1.8517534732818604,0.0,True
483,484,4053,ADNP,-1.8521358966827393,-1.8521358966827393,0.0,True
484,485,4059,ZBTB10,-1.8536224365234375,-1.8536224365234375,0.0,True
485,486,4066,NR1D2,-1.8540390729904175,-1.8540390729904175,0.0,True
486,487,4068,L3MBTL4,-1.8544842004776,-1.8544842004776,0.0,True
487,488,4087,NKRF,-1.8575491905212402,-1.8575491905212402,0.0,True
488,489,4089,NACC2,-1.8588058948516846,-1.8588058948516846,0.0,True
489,490,4092,ZNF740,-1.8595585823059082,-1.8595585823059082,0.0,True
490,491,4100,ZNF24,-1.8605338335037231,-1.8605338335037231,0.0,True
491,492,4113,SKOR1,-1.863455057144165,-1.863455057144165,0.0,True
492,493,4115,ZNF282,-1.8636258840560913,-1.8636258840560913,0.0,True
493,494,4119,ZHX2,-1.8641185760498047,-1.8641185760498047,0.0,True
494,495,4120,YBX3,-1.8641290664672852,-1.8641290664672852,0.0,True
495,496,4133,ZNF648,-1.8643709421157837,-1.8643709421157837,0.0,True
496,497,4145,ZNF134,-1.8645808696746826,-1.8645808696746826,0.0,True
497,498,4148,ZNF558,-1.8648940324783325,-1.8648940324783325,0.0,True
498,499,4158,ZNF232,-1.866572618484497,-1.866572618484497,0.0,True
499,500,4159,SOX6,-1.866661787033081,-1.866661787033081,0.0,True
500,501,4168,PAX6,-1.8675363063812256,-1.8675363063812256,0.0,True
501,502,4205,ZNF395,-1.8728163242340088,-1.8728163242340088,0.0,True
502,503,4209,DNTTIP1,-1.8735347986221313,-1.8735347986221313,0.0,True
503,504,4229,ZSCAN21,-1.8764342069625854,-1.8764342069625854,0.0,True
504,505,4231,MYF6,-1.8767194747924805,-1.8767194747924805,0.0,True
505,506,4240,CLOCK,-1.8780035972595215,-1.8780035972595215,0.0,True
506,507,4270,TFCP2L1,-1.8810282945632935,-1.8810282945632935,0.0,True
507,508,4276,BAZ2B,-1.8816068172454834,-1.8816068172454834,0.0,True
508,509,4285,ZNF613,-1.8824199438095093,-1.8824199438095093,0.0,True
509,510,4286,ZNF804B,-1.8824199438095093,-1.8824199438095093,0.0,True
510,511,4294,ZSCAN32,-1.8831703662872314,-1.8831703662872314,0.0,True
511,512,4295,MBD6,-1.8832495212554932,-1.8832495212554932,0.0,True
512,513,4302,ZNF69,-1.8841344118118286,-1.8841344118118286,0.0,True
513,514,4304,EHF,-1.8844056129455566,-1.8844056129455566,0.0,True
514,515,4310,SETDB2,-1.8848525285720825,-1.8848525285720825,0.0,True
515,516,4313,EMX1,-1.8850029706954956,-1.8850029706954956,0.0,True
516,517,4339,ZBTB1,-1.8880720138549805,-1.8880720138549805,0.0,True
517,518,4343,MYF5,-1.8882732391357422,-1.8882732391357422,0.0,True
518,519,4355,BPTF,-1.8902606964111328,-1.8902606964111328,0.0,True
519,520,4357,PRDM14,-1.890557050704956,-1.890557050704956,0.0,True
520,521,4359,TEAD1,-1.8908262252807617,-1.8908262252807617,0.0,True
521,522,4360,ZNF667,-1.8909528255462646,-1.8909528255462646,0.0,True
522,523,4371,ZNF215,-1.8917443752288818,-1.8917443752288818,0.0,True
523,524,4379,FBXL19,-1.892670750617981,-1.892670750617981,0.0,True
524,525,4385,ASCL4,-1.8930565118789673,-1.8930565118789673,0.0,True
525,526,4403,SPDEF,-1.8948954343795776,-1.8948954343795776,0.0,True
526,527,4415,ZNF397,-1.8962281942367554,-1.8962281942367554,0.0,True
527,528,4426,NFE2,-1.8971871137619019,-1.8971871137619019,0.0,True
528,529,4432,POU6F1,-1.897876262664795,-1.897876262664795,0.0,True
529,530,4444,ZBED6,-1.8990437984466553,-1.8990437984466553,0.0,True
530,531,4446,ZNF587B,-1.899101734161377,-1.899101734161377,0.0,True
531,532,4454,ZNF300,-1.899643063545227,-1.899643063545227,0.0,True
532,533,4467,GLYR1,-1.9015655517578125,-1.9015655517578125,0.0,True
533,534,4469,BBX,-1.9016655683517456,-1.9016655683517456,0.0,True
534,535,4473,GLIS2,-1.9025641679763794,-1.9025641679763794,0.0,True
535,536,4479,ZNF610,-1.9027254581451416,-1.9027254581451416,0.0,True
536,537,4502,GTF2IRD2B,-1.9027254581451416,-1.9027254581451416,0.0,True
537,538,4503,GTF2IRD2,-1.9027254581451416,-1.9027254581451416,0.0,True
538,539,4508,ZNF532,-1.9027254581451416,-1.9027254581451416,0.0,True
539,540,4509,ZBTB21,-1.9027254581451416,-1.9027254581451416,0.0,True
540,541,4519,ZNF426,-1.9027254581451416,-1.9027254581451416,0.0,True
541,542,4553,ZNF343,-1.9027254581451416,-1.9027254581451416,0.0,True
542,543,4558,ZNF445,-1.9027254581451416,-1.9027254581451416,0.0,True
543,544,4570,FOXB2,-1.9027254581451416,-1.9027254581451416,0.0,True
544,545,4578,ZNF559,-1.9027254581451416,-1.9027254581451416,0.0,True
545,546,4587,ZBTB43,-1.9027254581451416,-1.9027254581451416,0.0,True
546,547,4589,ZNF654,-1.9027254581451416,-1.9027254581451416,0.0,True
547,548,4592,FOXD4L3,-1.9027254581451416,-1.9027254581451416,0.0,True
548,549,4641,ZNF630,-1.9027254581451416,-1.9027254581451416,0.0,True
549,550,4722,ZNF706,-1.9027254581451416,-1.9027254581451416,0.0,True
550,551,4737,DBX1,-1.9027256965637207,-1.9027256965637207,0.0,True
551,552,4730,DRGX,-1.9027254581451416,-1.9027254581451416,0.0,True
552,553,4738,ZIK1,-1.9027256965637207,-1.9027256965637207,0.0,True
553,554,4746,PRDM4,-1.903028964996338,-1.903028964996338,0.0,True
554,555,4758,L3MBTL1,-1.9044082164764404,-1.9044082164764404,0.0,True
555,556,4759,ZBTB16,-1.904615879058838,-1.904615879058838,0.0,True
556,557,4775,ZNF267,-1.9062738418579102,-1.9062738418579102,0.0,True
557,558,4785,PRDM6,-1.9074859619140625,-1.9074859619140625,0.0,True
558,559,4812,SMAD5,-1.909693717956543,-1.909693717956543,0.0,True
559,560,4817,LBX1,-1.9101723432540894,-1.9101723432540894,0.0,True
560,561,4818,HSF1,-1.9104958772659302,-1.9104958772659302,0.0,True
561,562,4834,TIGD7,-1.9106216430664062,-1.9106216430664062,0.0,True
562,563,4838,ZNF772,-1.9106216430664062,-1.9106216430664062,0.0,True
563,564,4848,ZNF773,-1.9106216430664062,-1.9106216430664062,0.0,True
564,565,4850,ETV3L,-1.9106216430664062,-1.9106216430664062,0.0,True
565,566,4866,ZNF502,-1.9108444452285767,-1.9108444452285767,0.0,True
566,567,4880,DEAF1,-1.9119960069656372,-1.9119960069656372,0.0,True
567,568,4881,TOPORS,-1.912024974822998,-1.912024974822998,0.0,True
568,569,4896,ZNF771,-1.9141359329223633,-1.9141359329223633,0.0,True
569,570,4906,ZNF444,-1.9154365062713623,-1.9154365062713623,0.0,True
570,571,4911,ZKSCAN7,-1.9159302711486816,-1.9159302711486816,0.0,True
571,572,4913,BSX,-1.9160783290863037,-1.9160783290863037,0.0,True
572,573,4919,ZNF780B,-1.9168803691864014,-1.9168803691864014,0.0,True
573,574,4963,GRHL1,-1.9215701818466187,-1.9215701818466187,0.0,True
574,575,4979,GTF3A,-1.9232323169708252,-1.9232323169708252,0.0,True
575,576,4986,ZNF446,-1.9238719940185547,-1.9238719940185547,0.0,True
576,577,5003,TEAD4,-1.9252793788909912,-1.9252793788909912,0.0,True
577,578,5057,TIGD5,-1.9299741983413696,-1.9299741983413696,0.0,True
578,579,5059,THAP12,-1.930194616317749,-1.930194616317749,0.0,True
579,580,5062,DLX5,-1.930433750152588,-1.930433750152588,0.0,True
580,581,5071,VSX1,-1.931107759475708,-1.931107759475708,0.0,True
581,582,5093,ZFHX2,-1.9328596591949463,-1.9328596591949463,0.0,True
582,583,5096,ZNF34,-1.9332566261291504,-1.9332566261291504,0.0,True
583,584,5097,DPF3,-1.9333984851837158,-1.9333984851837158,0.0,True
584,585,5105,KLF5,-1.9339451789855957,-1.9339451789855957,0.0,True
585,586,5119,HOXC11,-1.9350234270095825,-1.9350234270095825,0.0,True
586,587,5130,ZNF652,-1.935990810394287,-1.935990810394287,0.0,True
587,588,5144,ZNF425,-1.9366543292999268,-1.9366543292999268,0.0,True
588,589,5160,HOXC10,-1.9378228187561035,-1.9378228187561035,0.0,True
589,590,5166,TFAP2B,-1.9385337829589844,-1.9385337829589844,0.0,True
590,591,5172,ZNF490,-1.9393527507781982,-1.9393527507781982,0.0,True
591,592,5176,ZNF280B,-1.9396202564239502,-1.9396202564239502,0.0,True
592,593,5177,ZNF280A,-1.9396202564239502,-1.9396202564239502,0.0,True
593,594,5182,PPARD,-1.9400566816329956,-1.9400566816329956,0.0,True
594,595,5187,FOXL2,-1.9403367042541504,-1.9403367042541504,0.0,True
595,596,5188,NR5A1,-1.940374493598938,-1.940374493598938,0.0,True
596,597,5199,MYRF,-1.9415228366851807,-1.9415228366851807,0.0,True
597,598,5244,ZNF611,-1.94377863407135,-1.94377863407135,0.0,True
598,599,5246,ZSCAN25,-1.94377863407135,-1.94377863407135,0.0,True
599,600,5270,ZNF142,-1.9446879625320435,-1.9446879625320435,0.0,True
600,601,5277,ZNF775,-1.9454190731048584,-1.9454190731048584,0.0,True
601,602,5296,NR2E1,-1.9466813802719116,-1.9466813802719116,0.0,True
602,603,5323,MYSM1,-1.9486545324325562,-1.9486545324325562,0.0,True
603,604,5340,ELF2,-1.9496952295303345,-1.9496952295303345,0.0,True
604,605,5361,TLX3,-1.951675295829773,-1.951675295829773,0.0,True
605,606,5364,ASCL1,-1.951733946800232,-1.951733946800232,0.0,True
606,607,5378,POU4F3,-1.9521193504333496,-1.9521193504333496,0.0,True
607,608,5388,ZNF16,-1.9532732963562012,-1.9532732963562012,0.0,True
608,609,5391,ZNF85,-1.9536018371582031,-1.9536018371582031,0.0,True
609,610,5402,ZNF212,-1.9546200037002563,-1.9546200037002563,0.0,True
610,611,5405,TIGD1,-1.9550178050994873,-1.9550178050994873,0.0,True
611,612,5414,OLIG1,-1.955720067024231,-1.955720067024231,0.0,True
612,613,5433,ZNF394,-1.9578399658203125,-1.9578399658203125,0.0,True
613,614,5434,ZNF213,-1.9578399658203125,-1.9578399658203125,0.0,True
614,615,5461,SAFB2,-1.959470510482788,-1.959470510482788,0.0,True
615,616,5464,HEY2,-1.9597927331924438,-1.9597927331924438,0.0,True
616,617,5486,ZFP62,-1.9612314701080322,-1.9612314701080322,0.0,True
617,618,5492,ZNF71,-1.9615144729614258,-1.9615144729614258,0.0,True
618,619,5493,ZNF74,-1.9615144729614258,-1.9615144729614258,0.0,True
619,620,5496,ZNF70,-1.9615144729614258,-1.9615144729614258,0.0,True
620,621,5532,ZNF461,-1.9643440246582031,-1.9643440246582031,0.0,True
621,622,5557,ZNF136,-1.9652886390686035,-1.9652886390686035,0.0,True
622,623,5558,ZNF133,-1.9652886390686035,-1.9652886390686035,0.0,True
623,624,5559,ZNF138,-1.9652886390686035,-1.9652886390686035,0.0,True
624,625,5560,ZNF155,-1.9652886390686035,-1.9652886390686035,0.0,True
625,626,5561,ZNF132,-1.9652886390686035,-1.9652886390686035,0.0,True
626,627,5576,ZKSCAN3,-1.9664602279663086,-1.9664602279663086,0.0,True
627,628,5581,KLF11,-1.9667487144470215,-1.9667487144470215,0.0,True
628,629,5586,HOXD12,-1.9671540260314941,-1.9671540260314941,0.0,True
629,630,5622,TEAD2,-1.9694883823394775,-1.9694883823394775,0.0,True
630,631,5669,ERF,-1.9718888998031616,-1.9718888998031616,0.0,True
631,632,5677,ZBED9,-1.9721869230270386,-1.9721869230270386,0.0,True
632,633,5691,KLF1,-1.9730831384658813,-1.9730831384658813,0.0,True
633,634,5694,ZNF576,-1.973158359527588,-1.973158359527588,0.0,True
634,635,5695,ZNF664,-1.9731624126434326,-1.9731624126434326,0.0,True
635,636,5726,RAG1,-1.9756661653518677,-1.9756661653518677,0.0,True
636,637,5728,NKX2-5,-1.9757411479949951,-1.9757411479949951,0.0,True
637,638,5735,NR1H3,-1.9764848947525024,-1.9764848947525024,0.0,True
638,639,5739,ZNF32,-1.976637601852417,-1.976637601852417,0.0,True
639,640,5754,SLC2A4RG,-1.9773492813110352,-1.9773492813110352,0.0,True
640,641,5776,ZKSCAN4,-1.9787142276763916,-1.9787142276763916,0.0,True
641,642,5801,ZNF146,-1.9793094396591187,-1.9793094396591187,0.0,True
642,643,5804,ZNF234,-1.9793094396591187,-1.9793094396591187,0.0,True
643,644,5813,ZXDB,-1.9793094396591187,-1.9793094396591187,0.0,True
644,645,5814,AHRR,-1.9793145656585693,-1.9793145656585693,0.0,True
645,646,5840,ELK1,-1.981607437133789,-1.981607437133789,0.0,True
646,647,5853,ZNF41,-1.9829134941101074,-1.9829134941101074,0.0,True
647,648,5861,GSC,-1.9829950332641602,-1.9829950332641602,0.0,True
648,649,5871,TEAD3,-1.9835125207901,-1.9835125207901,0.0,True
649,650,5872,HOXD1,-1.9836750030517578,-1.9836750030517578,0.0,True
650,651,5884,KAT7,-1.9840366840362549,-1.9840366840362549,0.0,True
651,652,5891,RFX7,-1.9845409393310547,-1.9845409393310547,0.0,True
652,653,5893,PAX8,-1.9845551252365112,-1.9845551252365112,0.0,True
653,654,5909,ZNF608,-1.9857983589172363,-1.9857983589172363,0.0,True
654,655,5944,TCF23,-1.9875104427337646,-1.9875104427337646,0.0,True
655,656,5946,HMX2,-1.987605333328247,-1.987605333328247,0.0,True
656,657,5949,TAL1,-1.9877746105194092,-1.9877746105194092,0.0,True
657,658,5968,ZNF710,-1.9888384342193604,-1.9888384342193604,0.0,True
658,659,5973,TAL2,-1.98915433883667,-1.98915433883667,0.0,True
659,660,5980,PBX2,-1.9893308877944946,-1.9893308877944946,0.0,True
660,661,5993,ELK3,-1.9900161027908325,-1.9900161027908325,0.0,True
661,662,6015,ZBTB40,-1.990905523300171,-1.990905523300171,0.0,True
662,663,6016,BORCS8-MEF2B,-1.9909316301345825,-1.9909316301345825,0.0,True
663,664,6020,ELF4,-1.9912137985229492,-1.9912137985229492,0.0,True
664,665,6029,ZSCAN9,-1.9919497966766357,-1.9919497966766357,0.0,True
665,666,6037,GLI1,-1.992369532585144,-1.992369532585144,0.0,True
666,667,6040,WIZ,-1.9925169944763184,-1.9925169944763184,0.0,True
667,668,6054,HES5,-1.9930799007415771,-1.9930799007415771,0.0,True
668,669,6055,MSANTD3,-1.993093729019165,-1.993093729019165,0.0,True
669,670,6078,FOXK1,-1.99422025680542,-1.99422025680542,0.0,True
670,671,6082,ZNF18,-1.9945850372314453,-1.9945850372314453,0.0,True
671,672,6119,ZNF337,-1.997297763824463,-1.997297763824463,0.0,True
672,673,6120,ZNF750,-1.9973632097244263,-1.9973632097244263,0.0,True
673,674,6130,DLX1,-1.9979873895645142,-1.9979873895645142,0.0,True
674,675,6186,ZNF674,-2.001286745071411,-2.001286745071411,0.0,True
675,676,6187,ZNF81,-2.001286745071411,-2.001286745071411,0.0,True
676,677,6239,TSHZ3,-2.0038657188415527,-2.0038657188415527,0.0,True
677,678,6245,ZNF408,-2.004059314727783,-2.004059314727783,0.0,True
678,679,6255,TIGD4,-2.0046896934509277,-2.0046896934509277,0.0,True
679,680,6256,NR1I2,-2.004734992980957,-2.004734992980957,0.0,True
680,681,6273,ZNF165,-2.0055294036865234,-2.0055294036865234,0.0,True
681,682,6276,NCOA2,-2.0056700706481934,-2.0056700706481934,0.0,True
682,683,6280,SP7,-2.005927085876465,-2.005927085876465,0.0,True
683,684,6286,SIX2,-2.0062742233276367,-2.0062742233276367,0.0,True
684,685,6289,ZFP57,-2.006356716156006,-2.006356716156006,0.0,True
685,686,6306,ZNF396,-2.0068631172180176,-2.0068631172180176,0.0,True
686,687,6310,ZNF677,-2.006985664367676,-2.006985664367676,0.0,True
687,688,6327,ZEB2,-2.0081727504730225,-2.0081727504730225,0.0,True
688,689,6331,ZNF675,-2.0086188316345215,-2.0086188316345215,0.0,True
689,690,6385,THAP6,-2.010188102722168,-2.010188102722168,0.0,True
690,691,6386,ESR2,-2.010266065597534,-2.010266065597534,0.0,True
691,692,6392,RBSN,-2.01063871383667,-2.01063871383667,0.0,True
692,693,6401,DACH1,-2.0109126567840576,-2.0109126567840576,0.0,True
693,694,6402,BHLHE23,-2.0109190940856934,-2.0109190940856934,0.0,True
694,695,6404,SIM2,-2.010990619659424,-2.010990619659424,0.0,True
695,696,6411,ZSCAN30,-2.011378288269043,-2.011378288269043,0.0,True
696,697,6419,PHF1,-2.0117506980895996,-2.0117506980895996,0.0,True
697,698,6421,ZNF692,-2.0119011402130127,-2.0119011402130127,0.0,True
698,699,6444,ZNF746,-2.0130691528320312,-2.0130691528320312,0.0,True
699,700,6447,ZNF385D,-2.0132975578308105,-2.0132975578308105,0.0,True
700,701,6463,MSX2,-2.0140106678009033,-2.0140106678009033,0.0,True
701,702,6468,FOXD3,-2.014308452606201,-2.014308452606201,0.0,True
702,703,6530,HSF2,-2.016998052597046,-2.016998052597046,0.0,True
703,704,6545,ZNF358,-2.017690896987915,-2.017690896987915,0.0,True
704,705,6572,ETV7,-2.018584728240967,-2.018584728240967,0.0,True
705,706,6594,MTERF2,-2.0191736221313477,-2.0191736221313477,0.0,True
706,707,6609,KLF7,-2.0199522972106934,-2.0199522972106934,0.0,True
707,708,6611,SRY,-2.0199973583221436,-2.0199973583221436,0.0,True
708,709,6627,ZNF250,-2.020869016647339,-2.020869016647339,0.0,True
709,710,6629,RHOXF2,-2.021062135696411,-2.021062135696411,0.0,True
710,711,6631,TFEB,-2.0211398601531982,-2.0211398601531982,0.0,True
711,712,6633,SRCAP,-2.0211963653564453,-2.0211963653564453,0.0,True
712,713,6637,HMX3,-2.021373748779297,-2.021373748779297,0.0,True
713,714,6640,PBX1,-2.0215301513671875,-2.0215301513671875,0.0,True
714,715,6669,ZBTB6,-2.022796154022217,-2.022796154022217,0.0,True
715,716,6686,THRA,-2.0236129760742188,-2.0236129760742188,0.0,True
716,717,6710,LHX5,-2.0246338844299316,-2.0246338844299316,0.0,True
717,718,6749,ZSCAN16,-2.0263376235961914,-2.0263376235961914,0.0,True
718,719,6770,BHLHA9,-2.0271942615509033,-2.0271942615509033,0.0,True
719,720,6772,ZBTB34,-2.027229070663452,-2.027229070663452,0.0,True
720,721,6782,MBD4,-2.0275890827178955,-2.0275890827178955,0.0,True
721,722,6783,ZFP91,-2.0275988578796387,-2.0275988578796387,0.0,True
722,723,6784,ZNF653,-2.027819871902466,-2.027819871902466,0.0,True
723,724,6802,LIN28A,-2.0286080837249756,-2.0286080837249756,0.0,True
724,725,6821,ZNF526,-2.0291941165924072,-2.0291941165924072,0.0,True
725,726,6830,ZNF114,-2.0295329093933105,-2.0295329093933105,0.0,True
726,727,6833,ZBTB2,-2.0295801162719727,-2.0295801162719727,0.0,True
727,728,6835,FOXA2,-2.029773712158203,-2.029773712158203,0.0,True
728,729,6842,ZSCAN29,-2.0300371646881104,-2.0300371646881104,0.0,True
729,730,6847,SP100,-2.030486583709717,-2.030486583709717,0.0,True
730,731,6853,NR6A1,-2.030832052230835,-2.030832052230835,0.0,True
731,732,6879,ZNF662,-2.031832456588745,-2.031832456588745,0.0,True
732,733,6943,CUX2,-2.034909963607788,-2.034909963607788,0.0,True
733,734,6971,ZKSCAN8,-2.0361125469207764,-2.0361125469207764,0.0,True
734,735,6973,ZFP37,-2.0361695289611816,-2.0361695289611816,0.0,True
735,736,7009,ZNF615,-2.0379061698913574,-2.0379061698913574,0.0,True
736,737,7023,NKX2-6,-2.03849458694458,-2.03849458694458,0.0,True
737,738,7026,ZNF274,-2.038633346557617,-2.038633346557617,0.0,True
738,739,7054,DMRT1,-2.03975248336792,-2.03975248336792,0.0,True
739,740,7084,ZNF10,-2.041156768798828,-2.041156768798828,0.0,True
740,741,7086,SOX10,-2.0411980152130127,-2.0411980152130127,0.0,True
741,742,7095,ZXDA,-2.041532516479492,-2.041532516479492,0.0,True
742,743,7116,ZSCAN20,-2.042358636856079,-2.042358636856079,0.0,True
743,744,7117,ZNF572,-2.0423731803894043,-2.0423731803894043,0.0,True
744,745,7118,ZNF454,-2.0423731803894043,-2.0423731803894043,0.0,True
745,746,7144,CENPT,-2.0435314178466797,-2.0435314178466797,0.0,True
746,747,7151,FOXN4,-2.043818473815918,-2.043818473815918,0.0,True
747,748,7154,THYN1,-2.0439882278442383,-2.0439882278442383,0.0,True
748,749,7177,EVX2,-2.04471492767334,-2.04471492767334,0.0,True
749,750,7181,NPAS3,-2.0447998046875,-2.0447998046875,0.0,True
750,751,7182,HIC2,-2.0448899269104004,-2.0448899269104004,0.0,True
751,752,7191,ZNF524,-2.0453972816467285,-2.0453972816467285,0.0,True
752,753,7193,EEA1,-2.045583724975586,-2.045583724975586,0.0,True
753,754,7194,CREBL2,-2.0456130504608154,-2.0456130504608154,0.0,True
754,755,7205,DLX2,-2.0457911491394043,-2.0457911491394043,0.0,True
755,756,7217,RARB,-2.0462262630462646,-2.0462262630462646,0.0,True
756,757,7219,ZNF571,-2.0462725162506104,-2.0462725162506104,0.0,True
757,758,7227,RHOXF2B,-2.046569585800171,-2.046569585800171,0.0,True
758,759,7255,ZNF503,-2.047868251800537,-2.047868251800537,0.0,True
759,760,7264,MXD3,-2.0481936931610107,-2.0481936931610107,0.0,True
760,761,7269,ZFX,-2.048456907272339,-2.048456907272339,0.0,True
761,762,7278,FOXD1,-2.0488786697387695,-2.0488786697387695,0.0,True
762,763,7286,ATMIN,-2.049156904220581,-2.049156904220581,0.0,True
763,764,7294,ZNF385B,-2.049293279647827,-2.049293279647827,0.0,True
764,765,7295,SCMH1,-2.049302101135254,-2.049302101135254,0.0,True
765,766,7301,ZNF853,-2.049438953399658,-2.049438953399658,0.0,True
766,767,7305,TSHZ1,-2.0496060848236084,-2.0496060848236084,0.0,True
767,768,7354,PITX1,-2.05138897895813,-2.05138897895813,0.0,True
768,769,7357,ZBTB41,-2.0514745712280273,-2.0514745712280273,0.0,True
769,770,7368,FOXN2,-2.051788806915283,-2.051788806915283,0.0,True
770,771,7379,ZZZ3,-2.052213191986084,-2.052213191986084,0.0,True
771,772,7387,ZBTB39,-2.052777051925659,-2.052777051925659,0.0,True
772,773,7394,ZNF492,-2.0528855323791504,-2.0528855323791504,0.0,True
773,774,7397,TBR1,-2.052934169769287,-2.052934169769287,0.0,True
774,775,7411,ZNF367,-2.053335428237915,-2.053335428237915,0.0,True
775,776,7424,TBX10,-2.0537970066070557,-2.0537970066070557,0.0,True
776,777,7474,NFXL1,-2.055718421936035,-2.055718421936035,0.0,True
777,778,7629,ZNF536,-2.0611679553985596,-2.0611679553985596,0.0,True
778,779,7639,HOXA9,-2.061508893966675,-2.061508893966675,0.0,True
779,780,7646,ZNF335,-2.0618152618408203,-2.0618152618408203,0.0,True
780,781,7648,ZNF575,-2.061920166015625,-2.061920166015625,0.0,True
781,782,7650,ZNF182,-2.062201499938965,-2.062201499938965,0.0,True
782,783,7675,ZNF266,-2.063159942626953,-2.063159942626953,0.0,True
783,784,7679,SCML4,-2.0633668899536133,-2.0633668899536133,0.0,True
784,785,7696,MYNN,-2.064406156539917,-2.064406156539917,0.0,True
785,786,7712,ZNF366,-2.0649147033691406,-2.0649147033691406,0.0,True
786,787,7717,ZNF7,-2.0650830268859863,-2.0650830268859863,0.0,True
787,788,7734,HMX1,-2.065934181213379,-2.065934181213379,0.0,True
788,789,7800,POU6F2,-2.068171977996826,-2.068171977996826,0.0,True
789,790,7804,TERB1,-2.068202495574951,-2.068202495574951,0.0,True
790,791,7813,ZHX1,-2.068391799926758,-2.068391799926758,0.0,True
791,792,7819,RFX1,-2.068566083908081,-2.068566083908081,0.0,True
792,793,7823,HOXA5,-2.068686008453369,-2.068686008453369,0.0,True
793,794,7835,DPRX,-2.06913685798645,-2.06913685798645,0.0,True
794,795,7839,ELK4,-2.0692381858825684,-2.0692381858825684,0.0,True
795,796,7844,TMF1,-2.069373846054077,-2.069373846054077,0.0,True
796,797,7852,ZNF141,-2.069774866104126,-2.069774866104126,0.0,True
797,798,7855,HES4,-2.0698299407958984,-2.0698299407958984,0.0,True
798,799,7875,ZNF43,-2.0704853534698486,-2.0704853534698486,0.0,True
799,800,7878,ZNF827,-2.0705559253692627,-2.0705559253692627,0.0,True
800,801,7891,FOXJ1,-2.0712051391601562,-2.0712051391601562,0.0,True
801,802,7930,E2F6,-2.0722084045410156,-2.0722084045410156,0.0,True
802,803,7953,ZBED1,-2.0730013847351074,-2.0730013847351074,0.0,True
803,804,7960,ZFHX3,-2.073272943496704,-2.073272943496704,0.0,True
804,805,7967,CARF,-2.0734238624572754,-2.0734238624572754,0.0,True
805,806,7981,ZNF341,-2.0737950801849365,-2.0737950801849365,0.0,True
806,807,7987,ASH1L,-2.0738582611083984,-2.0738582611083984,0.0,True
807,808,7993,SAFB,-2.074052572250366,-2.074052572250366,0.0,True
808,809,7999,POU3F4,-2.074273109436035,-2.074273109436035,0.0,True
809,810,8035,POU2F3,-2.0757555961608887,-2.0757555961608887,0.0,True
810,811,8051,HSF4,-2.0761971473693848,-2.0761971473693848,0.0,True
811,812,8060,ZNF350,-2.0765488147735596,-2.0765488147735596,0.0,True
812,813,8120,ZNF512,-2.0790748596191406,-2.0790748596191406,0.0,True
813,814,8130,ZNF782,-2.0796656608581543,-2.0796656608581543,0.0,True
814,815,8150,FOXR2,-2.0802783966064453,-2.0802783966064453,0.0,True
815,816,8180,YY2,-2.0810186862945557,-2.0810186862945557,0.0,True
816,817,8198,FOXD4,-2.0816457271575928,-2.0816457271575928,0.0,True
817,818,8258,THAP4,-2.0838265419006348,-2.0838265419006348,0.0,True
818,819,8283,ARGFX,-2.0848703384399414,-2.0848703384399414,0.0,True
819,820,8285,FERD3L,-2.0849618911743164,-2.0849618911743164,0.0,True
820,821,8306,OLIG2,-2.085674524307251,-2.085674524307251,0.0,True
821,822,8323,GRHL3,-2.0863823890686035,-2.0863823890686035,0.0,True
822,823,8361,TGIF2,-2.0879387855529785,-2.0879387855529785,0.0,True
823,824,8391,ZSCAN22,-2.088941812515259,-2.088941812515259,0.0,True
824,825,8397,TRAFD1,-2.0890629291534424,-2.0890629291534424,0.0,True
825,826,8450,ZSCAN18,-2.090803623199463,-2.090803623199463,0.0,True
826,827,8493,LEUTX,-2.0922555923461914,-2.0922555923461914,0.0,True
827,828,8506,IRX1,-2.092674970626831,-2.092674970626831,0.0,True
828,829,8518,HELT,-2.0929877758026123,-2.0929877758026123,0.0,True
829,830,8543,MEF2B,-2.0937814712524414,-2.0937814712524414,0.0,True
830,831,8547,KLF12,-2.0938656330108643,-2.0938656330108643,0.0,True
831,832,8569,PRDM8,-2.094498634338379,-2.094498634338379,0.0,True
832,833,8591,BARX2,-2.095093011856079,-2.095093011856079,0.0,True
833,834,8618,BNC1,-2.0960593223571777,-2.0960593223571777,0.0,True
834,835,8621,POU5F1B,-2.0960657596588135,-2.0960657596588135,0.0,True
835,836,8622,BNC2,-2.0961060523986816,-2.0961060523986816,0.0,True
836,837,8639,ZNF614,-2.0968070030212402,-2.0968070030212402,0.0,True
837,838,8640,ZNF641,-2.0968308448791504,-2.0968308448791504,0.0,True
838,839,8649,TPRX1,-2.0971689224243164,-2.0971689224243164,0.0,True
839,840,8676,SP140,-2.0979905128479004,-2.0979905128479004,0.0,True
840,841,8680,ZFP3,-2.098109006881714,-2.098109006881714,0.0,True
841,842,8751,ZNF181,-2.100217819213867,-2.100217819213867,0.0,True
842,843,8752,ZNF302,-2.100217819213867,-2.100217819213867,0.0,True
843,844,8753,ZNF655,-2.100217819213867,-2.100217819213867,0.0,True
844,845,8755,SOX15,-2.1003880500793457,-2.1003880500793457,0.0,True
845,846,8777,SP2,-2.101252555847168,-2.101252555847168,0.0,True
846,847,8781,ZNF230,-2.1013684272766113,-2.1013684272766113,0.0,True
847,848,8803,ZNF805,-2.1015734672546387,-2.1015734672546387,0.0,True
848,849,8823,HOXC13,-2.102175712585449,-2.102175712585449,0.0,True
849,850,8843,RBAK,-2.1029486656188965,-2.1029486656188965,0.0,True
850,851,8845,ZBTB12,-2.1029858589172363,-2.1029858589172363,0.0,True
851,852,8861,SALL3,-2.1033899784088135,-2.1033899784088135,0.0,True
852,853,8927,SIM1,-2.1061582565307617,-2.1061582565307617,0.0,True
853,854,8988,DBP,-2.1084110736846924,-2.1084110736846924,0.0,True
854,855,9030,NHLH1,-2.1098453998565674,-2.1098453998565674,0.0,True
855,856,9145,ZNF8,-2.1140589714050293,-2.1140589714050293,0.0,True
856,857,9155,OTP,-2.1143252849578857,-2.1143252849578857,0.0,True
857,858,9187,ZUFSP,-2.115311622619629,-2.115311622619629,0.0,True
858,859,9218,CCDC169-SOHLH2,-2.1160757541656494,-2.1160757541656494,0.0,True
859,860,9230,VAX1,-2.116514205932617,-2.116514205932617,0.0,True
860,861,9239,FOXI2,-2.116650104522705,-2.116650104522705,0.0,True
861,862,9258,DUXA,-2.117478609085083,-2.117478609085083,0.0,True
862,863,9284,ZNF226,-2.1184709072113037,-2.1184709072113037,0.0,True
863,864,9296,FEV,-2.118797540664673,-2.118797540664673,0.0,True
864,865,9318,ZNF223,-2.1195554733276367,-2.1195554733276367,0.0,True
865,866,9383,ZNF521,-2.1217780113220215,-2.1217780113220215,0.0,True
866,867,9402,ZNF668,-2.1226441860198975,-2.1226441860198975,0.0,True
867,868,9408,ZSCAN1,-2.1228086948394775,-2.1228086948394775,0.0,True
868,869,9413,ZNF2,-2.1230549812316895,-2.1230549812316895,0.0,True
869,870,9422,GCM1,-2.1233303546905518,-2.1233303546905518,0.0,True
870,871,9434,ZBTB5,-2.123810291290283,-2.123810291290283,0.0,True
871,872,9435,ZBTB8B,-2.123810291290283,-2.123810291290283,0.0,True
872,873,9436,ZBTB8A,-2.123810291290283,-2.123810291290283,0.0,True
873,874,9458,FOXN1,-2.1244709491729736,-2.1244709491729736,0.0,True
874,875,9471,PURB,-2.1248815059661865,-2.1248815059661865,0.0,True
875,876,9472,SOX5,-2.1249332427978516,-2.1249332427978516,0.0,True
876,877,9493,ZNF22,-2.125638008117676,-2.125638008117676,0.0,True
877,878,9498,RXRG,-2.125826358795166,-2.125826358795166,0.0,True
878,879,9501,NHLH2,-2.125856876373291,-2.125856876373291,0.0,True
879,880,9518,ARID3B,-2.1267008781433105,-2.1267008781433105,0.0,True
880,881,9527,SOX8,-2.127166748046875,-2.127166748046875,0.0,True
881,882,9532,ZNF256,-2.127342700958252,-2.127342700958252,0.0,True
882,883,9543,CREB3L1,-2.1280553340911865,-2.1280553340911865,0.0,True
883,884,9557,NPAS1,-2.1287546157836914,-2.1287546157836914,0.0,True
884,885,9565,ZNF263,-2.129082441329956,-2.129082441329956,0.0,True
885,886,9569,ZNF317,-2.1292707920074463,-2.1292707920074463,0.0,True
886,887,9582,PTF1A,-2.1293680667877197,-2.1293680667877197,0.0,True
887,888,9586,TERF2,-2.129415273666382,-2.129415273666382,0.0,True
888,889,9596,LHX3,-2.129782199859619,-2.129782199859619,0.0,True
889,890,9600,ZNF511,-2.130052328109741,-2.130052328109741,0.0,True
890,891,9626,FEZF2,-2.130955934524536,-2.130955934524536,0.0,True
891,892,9643,ALX3,-2.1315267086029053,-2.1315267086029053,0.0,True
892,893,9657,ZNF462,-2.132276773452759,-2.132276773452759,0.0,True
893,894,9659,PKNOX2,-2.132369041442871,-2.132369041442871,0.0,True
894,895,9660,ZNF483,-2.1324005126953125,-2.1324005126953125,0.0,True
895,896,9669,PLAGL2,-2.1327133178710938,-2.1327133178710938,0.0,True
896,897,9688,FOXF1,-2.13381290435791,-2.13381290435791,0.0,True
897,898,9733,TEF,-2.135748863220215,-2.135748863220215,0.0,True
898,899,9777,AIRE,-2.1375885009765625,-2.1375885009765625,0.0,True
899,900,9782,MAFB,-2.137798547744751,-2.137798547744751,0.0,True
900,901,9798,ZNF541,-2.138357400894165,-2.138357400894165,0.0,True
901,902,9808,AEBP1,-2.1386523246765137,-2.1386523246765137,0.0,True
902,903,9831,JAZF1,-2.1397252082824707,-2.1397252082824707,0.0,True
903,904,9852,DACH2,-2.1404969692230225,-2.1404969692230225,0.0,True
904,905,9853,BHLHA15,-2.1405558586120605,-2.1405558586120605,0.0,True
905,906,9868,ZNF205,-2.141017436981201,-2.141017436981201,0.0,True
906,907,9894,FOXJ2,-2.142179489135742,-2.142179489135742,0.0,True
907,908,9900,ZBTB18,-2.1423144340515137,-2.1423144340515137,0.0,True
908,909,9932,SON,-2.1434905529022217,-2.1434905529022217,0.0,True
909,910,9936,ZNF597,-2.143561601638794,-2.143561601638794,0.0,True
910,911,9948,ZNF518A,-2.143855571746826,-2.143855571746826,0.0,True
911,912,9959,ZSCAN23,-2.1446571350097656,-2.1446571350097656,0.0,True
912,913,9979,ZNF286A,-2.1453144550323486,-2.1453144550323486,0.0,True
913,914,10001,PRDM12,-2.14593768119812,-2.14593768119812,0.0,True
914,915,10006,ZBTB4,-2.1460835933685303,-2.1460835933685303,0.0,True
915,916,10024,ZBED4,-2.146913528442383,-2.146913528442383,0.0,True
916,917,10029,PRDM5,-2.147082567214966,-2.147082567214966,0.0,True
917,918,10030,FLYWCH1,-2.147095203399658,-2.147095203399658,0.0,True
918,919,10044,HOMEZ,-2.1477103233337402,-2.1477103233337402,0.0,True
919,920,10046,KLF15,-2.1478652954101562,-2.1478652954101562,0.0,True
920,921,10054,ZMAT4,-2.148390054702759,-2.148390054702759,0.0,True
921,922,10088,ZNF354C,-2.149660110473633,-2.149660110473633,0.0,True
922,923,10201,FOXI1,-2.155247688293457,-2.155247688293457,0.0,True
923,924,10259,RFX2,-2.157407760620117,-2.157407760620117,0.0,True
924,925,10263,ZBTB14,-2.1576225757598877,-2.1576225757598877,0.0,True
925,926,10282,SGSM2,-2.1582117080688477,-2.1582117080688477,0.0,True
926,927,10295,ZNF574,-2.1586248874664307,-2.1586248874664307,0.0,True
927,928,10303,THRB,-2.159027338027954,-2.159027338027954,0.0,True
928,929,10307,BARHL2,-2.159102201461792,-2.159102201461792,0.0,True
929,930,10316,ZNF169,-2.1594691276550293,-2.1594691276550293,0.0,True
930,931,10320,TFE3,-2.1596615314483643,-2.1596615314483643,0.0,True
931,932,10339,SKOR2,-2.160285472869873,-2.160285472869873,0.0,True
932,933,10367,ZNF831,-2.1615426540374756,-2.1615426540374756,0.0,True
933,934,10403,HLF,-2.1631062030792236,-2.1631062030792236,0.0,True
934,935,10447,LCORL,-2.1653809547424316,-2.1653809547424316,0.0,True
935,936,10467,LIN28B,-2.1663050651550293,-2.1663050651550293,0.0,True
936,937,10480,NKX2-2,-2.1670377254486084,-2.1670377254486084,0.0,True
937,938,10481,EGR3,-2.167067050933838,-2.167067050933838,0.0,True
938,939,10491,SPZ1,-2.1674773693084717,-2.1674773693084717,0.0,True
939,940,10525,RFX3,-2.1690616607666016,-2.1690616607666016,0.0,True
940,941,10530,MTF1,-2.169254779815674,-2.169254779815674,0.0,True
941,942,10544,SCRT1,-2.1700658798217773,-2.1700658798217773,0.0,True
942,943,10547,ZNF703,-2.170135974884033,-2.170135974884033,0.0,True
943,944,10623,HOXA4,-2.173614025115967,-2.173614025115967,0.0,True
944,945,10626,ATOH7,-2.1737184524536133,-2.1737184524536133,0.0,True
945,946,10642,LHX2,-2.174309492111206,-2.174309492111206,0.0,True
946,947,10666,NEUROD2,-2.175636053085327,-2.175636053085327,0.0,True
947,948,10672,HOXB2,-2.1759471893310547,-2.1759471893310547,0.0,True
948,949,10674,ZNF236,-2.176022529602051,-2.176022529602051,0.0,True
949,950,10687,ZNF326,-2.1765732765197754,-2.1765732765197754,0.0,True
950,951,10710,CXXC5,-2.178016185760498,-2.178016185760498,0.0,True
951,952,10725,SHOX2,-2.1789770126342773,-2.1789770126342773,0.0,True
952,953,10729,GPBP1,-2.1791369915008545,-2.1791369915008545,0.0,True
953,954,10736,ZNF184,-2.1794376373291016,-2.1794376373291016,0.0,True
954,955,10743,ANKZF1,-2.179734230041504,-2.179734230041504,0.0,True
955,956,10745,TRPS1,-2.1798837184906006,-2.1798837184906006,0.0,True
956,957,10750,VSX2,-2.180063009262085,-2.180063009262085,0.0,True
957,958,10775,ISL1,-2.181412696838379,-2.181412696838379,0.0,True
958,959,10782,CREB3L4,-2.181670904159546,-2.181670904159546,0.0,True
959,960,10785,TBX5,-2.181727409362793,-2.181727409362793,0.0,True
960,961,10787,HAND2,-2.1817731857299805,-2.1817731857299805,0.0,True
961,962,10795,BHLHE22,-2.1822991371154785,-2.1822991371154785,0.0,True
962,963,10817,TCF21,-2.1836698055267334,-2.1836698055267334,0.0,True
963,964,10830,ZNF251,-2.184169054031372,-2.184169054031372,0.0,True
964,965,10852,TSC22D1,-2.1848340034484863,-2.1848340034484863,0.0,True
965,966,10872,GCM2,-2.186070203781128,-2.186070203781128,0.0,True
966,967,10883,ZNF276,-2.1867547035217285,-2.1867547035217285,0.0,True
967,968,10886,PRDM15,-2.1870787143707275,-2.1870787143707275,0.0,True
968,969,10889,HOXA13,-2.1874239444732666,-2.1874239444732666,0.0,True
969,970,10921,NFIX,-2.1887362003326416,-2.1887362003326416,0.0,True
970,971,10922,ZNF764,-2.188737630844116,-2.188737630844116,0.0,True
971,972,10930,ZNF496,-2.189160108566284,-2.189160108566284,0.0,True
972,973,10933,FOXO4,-2.1895699501037598,-2.1895699501037598,0.0,True
973,974,10935,POGK,-2.1896443367004395,-2.1896443367004395,0.0,True
974,975,10941,SALL4,-2.1899499893188477,-2.1899499893188477,0.0,True
975,976,10971,KIN,-2.1919445991516113,-2.1919445991516113,0.0,True
976,977,10977,ZNF550,-2.192164659500122,-2.192164659500122,0.0,True
977,978,10979,LTF,-2.1924211978912354,-2.1924211978912354,0.0,True
978,979,10982,NAIF1,-2.192474842071533,-2.192474842071533,0.0,True
979,980,10988,IRX6,-2.1927554607391357,-2.1927554607391357,0.0,True
980,981,10992,LBX2,-2.1927967071533203,-2.1927967071533203,0.0,True
981,982,11004,ZNF320,-2.1933491230010986,-2.1933491230010986,0.0,True
982,983,11012,HOXB8,-2.1937525272369385,-2.1937525272369385,0.0,True
983,984,11020,THAP7,-2.194179058074951,-2.194179058074951,0.0,True
984,985,11030,SIX6,-2.194671630859375,-2.194671630859375,0.0,True
985,986,11031,ZIC2,-2.1947216987609863,-2.1947216987609863,0.0,True
986,987,11049,ZC3H8,-2.196099281311035,-2.196099281311035,0.0,True
987,988,11065,ZNF362,-2.197084426879883,-2.197084426879883,0.0,True
988,989,11080,ELF5,-2.197852611541748,-2.197852611541748,0.0,True
989,990,11104,AEBP2,-2.1987111568450928,-2.1987111568450928,0.0,True
990,991,11107,GATA5,-2.1988656520843506,-2.1988656520843506,0.0,True
991,992,11140,SOX30,-2.2005252838134766,-2.2005252838134766,0.0,True
992,993,11158,ARX,-2.201657772064209,-2.201657772064209,0.0,True
993,994,11161,PHOX2B,-2.201772451400757,-2.201772451400757,0.0,True
994,995,11176,GSX2,-2.2023544311523438,-2.2023544311523438,0.0,True
995,996,11184,ZNF33A,-2.2027900218963623,-2.2027900218963623,0.0,True
996,997,11185,ZNF567,-2.2027900218963623,-2.2027900218963623,0.0,True
997,998,11186,ZFP2,-2.2027900218963623,-2.2027900218963623,0.0,True
998,999,11191,ZNF154,-2.2029619216918945,-2.2029619216918945,0.0,True
999,1000,11194,ARNT2,-2.2030999660491943,-2.2030999660491943,0.0,True
