Perturbation,rank,gene,score,raw_score,hub_penalty,is_transcription_factor
0,1,KDM2A,3.7177767753601074,3.7177767753601074,0.0,True
1,2,ZNF217,3.711961507797241,3.711961507797241,0.0,True
2,3,MPPED2,3.611234188079834,3.611234188079834,0.0,False
3,4,PMAIP1,3.5974323749542236,3.5974323749542236,0.0,False
4,5,TLE4,3.5877885818481445,3.5877885818481445,0.0,False
5,6,IRF5,3.584648609161377,3.584648609161377,0.0,True
6,7,THBS1,3.5670576095581055,3.5670576095581055,0.0,False
7,8,EHMT2,3.537705898284912,3.537705898284912,0.0,False
8,9,HDAC7,3.5229685306549072,3.5229685306549072,0.0,False
9,10,HLA-B,3.516301155090332,3.516301155090332,0.0,False
10,11,KDM4B,3.4928226470947266,3.4928226470947266,0.0,False
11,12,PRDM1,3.4751620292663574,3.4751620292663574,0.0,True
12,13,STAT2,3.469269037246704,3.469269037246704,0.0,True
13,14,BBC3,3.4657158851623535,3.4657158851623535,0.0,False
14,15,IRF9,3.462531328201294,3.462531328201294,0.0,True
15,16,BATF,3.4376325607299805,3.4376325607299805,0.0,True
16,17,CTBP2,3.3808984756469727,3.3808984756469727,0.0,False
17,18,BCL2L11,3.3738553524017334,3.3738553524017334,0.0,False
18,19,KDM4C,3.364588737487793,3.364588737487793,0.0,False
19,20,CXCR5,3.3477563858032227,3.3477563858032227,0.0,False
20,21,IL5,3.3441466614603996,3.4168739318847656,0.036363635212183,False
21,22,CDKN2B,3.306180000305176,3.306180000305176,0.0,False
22,23,TLE3,3.294694423675537,3.294694423675537,0.0,False
23,24,HLA-C,3.276304244995117,3.276304244995117,0.0,False
24,25,CSN2,3.2472715377807617,3.2472715377807617,0.0,False
25,26,TCF20,3.231426239013672,3.231426239013672,0.0,True
26,27,BCL11A,3.1991496086120605,3.1991496086120605,0.0,True
27,28,HLA-F,3.191699266433716,3.191699266433716,0.0,False
28,29,CCL28,3.184701442718506,3.184701442718506,0.0,False
29,30,IRF1,3.1755045503377914,3.3209590911865234,0.072727270424366,True
30,31,SATB1,3.1642422676086426,3.1642422676086426,0.0,True
31,32,GADD45A,3.1611483097076416,3.1611483097076416,0.0,False
32,33,SLC2A1,3.1529459953308105,3.1529459953308105,0.0,False
33,34,BCL6,3.1347579956054688,3.1347579956054688,0.0,True
34,35,RETN,3.124945640563965,3.124945640563965,0.0,False
35,36,ZNF91,3.0995912551879883,3.0995912551879883,0.0,True
36,37,IL10,3.081843137741089,3.081843137741089,0.0,False
37,38,DCDC1,3.0759637355804443,3.0759637355804443,0.0,False
38,39,NR4A3,3.0706286430358887,3.0706286430358887,0.0,True
39,40,PPIP5K2,3.0656368732452393,3.0656368732452393,0.0,False
40,41,MCL1,3.061959981918335,3.061959981918335,0.0,False
41,42,FOSL2,3.056880235671997,3.056880235671997,0.0,True
42,43,SAMHD1,3.0359771251678467,3.0359771251678467,0.0,False
43,44,IRF7,2.9875965118408203,2.9875965118408203,0.0,True
44,45,TRERF1,2.978797197341919,2.978797197341919,0.0,True
45,46,GCSAM,2.962186336517334,2.962186336517334,0.0,False
46,47,MBD2,2.9613699913024902,2.9613699913024902,0.0,True
47,48,IL4,2.9589800238609314,3.522616386413574,0.2818181812763214,False
48,49,NLRP12,2.951367139816284,2.951367139816284,0.0,False
49,50,NLK,2.9509334564208984,2.9509334564208984,0.0,False
50,51,CITED2,2.9489526748657227,2.9489526748657227,0.0,False
51,52,VCAM1,2.9426777362823486,2.9426777362823486,0.0,False
52,53,ATL1-gamma,2.934680461883545,2.934680461883545,0.0,False
53,54,ICOS,2.932628870010376,2.932628870010376,0.0,False
54,55,HLA-A,2.9288838505744934,3.6016111373901367,0.33636364340782166,False
55,56,MTA1,2.924818992614746,2.924818992614746,0.0,False
56,57,HLA-G,2.9223792552948,2.9223792552948,0.0,False
57,58,ZBTB17,2.920706272125244,2.920706272125244,0.0,True
58,59,TP73,2.9062743186950684,2.9062743186950684,0.0,True
59,60,PTPRJ,2.8940210342407227,2.8940210342407227,0.0,False
60,61,BACH2,2.8768885135650635,2.8768885135650635,0.0,True
61,62,IRF3,2.859250068664551,2.859250068664551,0.0,True
62,63,IL2,2.8537070229649544,2.908252477645874,0.027272727340459824,False
63,64,CSF3R,2.8508408069610596,2.8508408069610596,0.0,False
64,65,CSF3,2.8488032817840576,2.8488032817840576,0.0,False
65,66,CD68,2.8406598567962646,2.8406598567962646,0.0,False
66,67,CCR4,2.816680431365967,2.816680431365967,0.0,False
67,68,DIO2,2.8016436100006104,2.8016436100006104,0.0,False
68,69,PLAU,2.78521990776062,2.78521990776062,0.0,False
69,70,LIMD2,2.783888101577759,2.783888101577759,0.0,False
70,71,GGCT,2.7730000019073486,2.7730000019073486,0.0,False
71,72,KLK10,2.7670211791992188,2.7670211791992188,0.0,False
72,73,TRIM63,2.756389617919922,2.756389617919922,0.0,False
73,74,IP6K1,2.7559661865234375,2.7559661865234375,0.0,False
74,75,CTSG,2.752349615097046,2.752349615097046,0.0,False
75,76,IRF8,2.7410760521888733,3.6501669883728027,0.4545454680919647,True
76,77,IL13,2.7345499992370605,2.7345499992370605,0.0,False
77,78,CD200,2.7301769256591797,2.7301769256591797,0.0,False
78,79,DUSP1,2.7187771797180176,2.7187771797180176,0.0,False
79,80,CD8A,2.7051260471343994,2.7051260471343994,0.0,False
80,81,FOSL1,2.704930067062378,2.704930067062378,0.0,True
81,82,GTF2I,2.6994667053222656,2.6994667053222656,0.0,True
82,83,BCL2A1,2.6888959407806396,2.6888959407806396,0.0,False
83,84,IKZF1,2.673240900039673,3.709604501724243,0.5181818008422852,True
84,85,CSF2RB,2.672170400619507,2.672170400619507,0.0,False
85,86,IL7,2.669188976287842,2.669188976287842,0.0,False
86,87,GZMB,2.6635355949401855,2.6635355949401855,0.0,False
87,88,IL9,2.637465000152588,2.637465000152588,0.0,False
88,89,MAP2K5,2.635211229324341,2.635211229324341,0.0,False
89,90,JUNB,2.6269678473472595,2.936058759689331,0.15454545617103577,True
90,91,CD53,2.6210594177246094,2.6210594177246094,0.0,False
91,92,MRC1,2.6014552116394043,2.6014552116394043,0.0,False
92,93,ZNF287,2.595402479171753,2.595402479171753,0.0,True
93,94,HPGDS,2.5937113761901855,2.5937113761901855,0.0,False
94,95,KLRG1,2.5916504859924316,2.5916504859924316,0.0,False
95,96,FYB,2.5831079483032227,2.5831079483032227,0.0,False
96,97,PAG1,2.581764919683337,2.5999467372894287,0.00909090880304575,False
97,98,FBXO32,2.579296588897705,2.579296588897705,0.0,False
98,99,DKK1,2.5768961906433105,2.5768961906433105,0.0,False
99,100,PIGR,2.5768465995788574,2.5768465995788574,0.0,False
100,101,STAT6,2.5741891860961914,2.5741891860961914,0.0,True
101,102,TGFB1,2.5703794956207275,2.5703794956207275,0.0,False
102,103,ERBIN,2.566760540008545,2.566760540008545,0.0,False
103,104,CDO1,2.566760540008545,2.566760540008545,0.0,False
104,105,TFF1,2.5619726181030273,2.5619726181030273,0.0,False
105,106,IRS2,2.537989377975464,2.537989377975464,0.0,False
106,107,IL17A,2.5374016761779785,2.5374016761779785,0.0,False
107,108,CYBB,2.5357112884521484,2.5357112884521484,0.0,False
108,109,IL18,2.532229423522949,2.532229423522949,0.0,False
109,110,SLAMF1,2.53145170211792,2.53145170211792,0.0,False
110,111,PRDX1,2.5313215255737305,2.5313215255737305,0.0,False
111,112,CD48,2.5236053466796875,2.5236053466796875,0.0,False
112,113,ITGAX,2.515618085861206,2.515618085861206,0.0,False
113,114,ATF2,2.5155954360961914,2.5155954360961914,0.0,True
114,115,CD4,2.5096893310546875,2.5096893310546875,0.0,False
115,116,KCNC1,2.5086090564727783,2.5086090564727783,0.0,False
116,117,CD69,2.5060932636260986,2.5060932636260986,0.0,False
117,118,TP53I11,2.503303050994873,2.503303050994873,0.0,False
118,119,CTLA4,2.495694160461426,2.495694160461426,0.0,False
119,120,PECAM1,2.4952714443206787,2.4952714443206787,0.0,False
120,121,FASLG,2.488036870956421,2.488036870956421,0.0,False
121,122,BASP1,2.486356496810913,2.486356496810913,0.0,False
122,123,MMP1,2.484175682067871,2.484175682067871,0.0,False
123,124,PPIP5K1,2.4840378761291504,2.4840378761291504,0.0,False
124,125,ITGAM,2.481994390487671,2.481994390487671,0.0,False
125,126,MTA3,2.478163242340088,2.478163242340088,0.0,False
126,127,BCL2L1,2.477907180786133,2.477907180786133,0.0,False
127,128,INPP5D,2.4749171566218138,2.4930989742279053,0.00909090880304575,False
128,129,KLRK1,2.474088430404663,2.474088430404663,0.0,False
129,130,TFCP2,2.4679107666015625,2.4679107666015625,0.0,True
130,131,ZNF512B,2.459873676300049,2.459873676300049,0.0,True
131,132,SELL,2.45760178565979,2.45760178565979,0.0,False
132,133,E2F5,2.456613540649414,2.456613540649414,0.0,True
133,134,TJP2,2.4559006690979004,2.4559006690979004,0.0,False
134,135,NR3C2,2.4527392387390137,2.4527392387390137,0.0,True
135,136,BCL2,2.452540636062622,2.452540636062622,0.0,False
136,137,RAB3IL1,2.448847770690918,2.448847770690918,0.0,False
137,138,SFTPD,2.4434616565704346,2.4434616565704346,0.0,False
138,139,CD274,2.442885398864746,2.442885398864746,0.0,False
139,140,CD8B,2.4399478435516357,2.4399478435516357,0.0,False
140,141,PIN1P1,2.439074993133545,2.439074993133545,0.0,False
141,142,ZIC5,2.435695171356201,2.435695171356201,0.0,True
142,143,CLEC4A,2.4350380897521973,2.4350380897521973,0.0,False
143,144,FGF2,2.434293270111084,2.434293270111084,0.0,False
144,145,PENK,2.4320962261408567,2.4502780437469482,0.00909090880304575,False
145,146,CFTR,2.430178642272949,2.430178642272949,0.0,False
146,147,DUSP6,2.4297335147857666,2.4297335147857666,0.0,False
147,148,JAK3,2.427469253540039,2.427469253540039,0.0,False
148,149,BID,2.4222593307495117,2.4222593307495117,0.0,False
149,150,CD5,2.420471668243408,2.420471668243408,0.0,False
150,151,SOCS2,2.4119813442230225,2.4119813442230225,0.0,False
151,152,CD244,2.4097461700439453,2.4097461700439453,0.0,False
152,153,STAT5B,2.4093356281518936,2.6456992626190186,0.11818181723356247,True
153,154,CSK,2.404679775238037,2.404679775238037,0.0,False
154,155,PROK2,2.397979736328125,2.397979736328125,0.0,False
155,156,CD40,2.3977978229522705,2.3977978229522705,0.0,False
156,157,NOX4,2.3977630138397217,2.3977630138397217,0.0,False
157,158,MAPK9,2.3976666927337646,2.3976666927337646,0.0,False
158,159,DDIT3,2.3914077281951904,2.3914077281951904,0.0,True
159,160,TNFSF10,2.3895950317382812,2.3895950317382812,0.0,False
160,161,IL15,2.3889334201812744,2.3889334201812744,0.0,False
161,162,STAT3,2.3852968215942383,2.3852968215942383,0.0,True
162,163,GATA1,2.3796763252466917,2.397858142852783,0.00909090880304575,True
163,164,LCN2,2.377312660217285,2.377312660217285,0.0,False
164,165,PTPRC,2.375125512480736,2.5205800533294678,0.072727270424366,False
165,166,CSF2,2.362515926361084,2.362515926361084,0.0,False
166,167,NFATC4,2.3497490882873535,2.3497490882873535,0.0,True
167,168,SPN,2.345808506011963,2.345808506011963,0.0,False
168,169,KIR2DL3,2.345724105834961,2.345724105834961,0.0,False
169,170,THEMIS2,2.344252109527588,2.344252109527588,0.0,False
170,171,IKZF5,2.344034433364868,2.344034433364868,0.0,True
171,172,CCL2,2.342872142791748,2.342872142791748,0.0,False
172,173,FOXO3,2.3425710201263428,2.3425710201263428,0.0,True
173,174,ACKR2,2.341285228729248,2.341285228729248,0.0,False
174,175,DDI1,2.341285228729248,2.341285228729248,0.0,False
175,176,LDHC,2.3399670124053955,2.3399670124053955,0.0,False
176,177,GAREM1,2.3384976387023926,2.3384976387023926,0.0,False
177,178,FER,2.337575674057007,2.337575674057007,0.0,False
178,179,LTA4H,2.3314571380615234,2.3314571380615234,0.0,False
179,180,MMP3,2.330296277999878,2.330296277999878,0.0,False
180,181,MAGEA2,2.3302114009857178,2.3302114009857178,0.0,False
181,182,GSTP1,2.328521251678467,2.328521251678467,0.0,False
182,183,NOXO1,2.322507381439209,2.322507381439209,0.0,False
183,184,CD86,2.3205008506774902,2.3205008506774902,0.0,False
184,185,PTPN1,2.315673351287842,2.315673351287842,0.0,False
185,186,BAK1,2.312983989715576,2.312983989715576,0.0,False
186,187,MAPK8,2.307344436645508,2.307344436645508,0.0,False
187,188,hsa-miR-342,2.306241750717163,2.306241750717163,0.0,False
188,189,ADRA1B,2.3002493381500244,2.3002493381500244,0.0,False
189,190,NFE2L3,2.2961559295654297,2.2961559295654297,0.0,True
190,191,BCR,2.2955245804041624,2.313706398010254,0.00909090880304575,False
191,192,TMPRSS2,2.293226718902588,2.293226718902588,0.0,False
192,193,PLAGL1,2.2931013107299805,2.2931013107299805,0.0,True
193,194,DOK1,2.2908833026885986,2.2908833026885986,0.0,False
194,195,RASA1,2.2902626991271973,2.2902626991271973,0.0,False
195,196,MIER3,2.289285898208618,2.289285898208618,0.0,False
196,197,LAG3,2.288614511489868,2.288614511489868,0.0,False
197,198,TNFRSF10A,2.287978410720825,2.287978410720825,0.0,False
198,199,ITGAE,2.2712483406066895,2.2712483406066895,0.0,False
199,200,CTNNA1,2.2667462825775146,2.2667462825775146,0.0,False
200,201,HCLS1,2.2664430141448975,2.2664430141448975,0.0,False
201,202,CD163,2.265281915664673,2.265281915664673,0.0,False
202,203,PIK3R2,2.26033353805542,2.26033353805542,0.0,False
203,204,NKX2-1,2.2601475715637207,2.2601475715637207,0.0,True
204,205,CBLB,2.256821632385254,2.256821632385254,0.0,False
205,206,CCL5,2.255178928375244,2.255178928375244,0.0,False
206,207,ITK,2.253219349309802,2.2714011669158936,0.00909090880304575,False
207,208,DIABLO,2.2502124309539795,2.2502124309539795,0.0,False
208,209,KRT27,2.2482733726501465,2.2482733726501465,0.0,False
209,210,GATA4,2.2409825325012207,2.2409825325012207,0.0,True
210,211,FOXP3,2.2344096899032593,2.8525915145874023,0.30909091234207153,True
211,212,SHC1,2.2299895118921995,2.248171329498291,0.00909090880304575,False
212,213,G-gamma,2.2291502952575684,2.2291502952575684,0.0,False
213,214,CSF1,2.222038745880127,2.222038745880127,0.0,False
214,215,FCGR2B,2.2204713821411133,2.2204713821411133,0.0,False
215,216,KDM6B,2.21631121635437,2.21631121635437,0.0,False
216,217,IP6K2,2.2147586345672607,2.2147586345672607,0.0,False
217,218,IL-21,2.2073144912719727,2.2073144912719727,0.0,False
218,219,GAB2,2.2066285610198975,2.2066285610198975,0.0,False
219,220,ZAP70,2.2055983375757933,2.2237801551818848,0.00909090880304575,False
220,221,PROKR2,2.2033145427703857,2.2033145427703857,0.0,False
221,222,IL21,2.200181007385254,2.200181007385254,0.0,False
222,223,CD200R1L,2.1915135383605957,2.1915135383605957,0.0,False
223,224,PTGS2,2.1909775733947754,2.1909775733947754,0.0,False
224,225,CD79A,2.1887979339808226,2.206979751586914,0.00909090880304575,False
225,226,SOCS3,2.1887636184692383,2.1887636184692383,0.0,False
226,227,SFTPA2,2.1883187294006348,2.1883187294006348,0.0,False
227,228,LMO4,2.1872751712799072,2.1872751712799072,0.0,False
228,229,TNFRSF4,2.1852059364318848,2.1852059364318848,0.0,False
229,230,TXK,2.1802756786346436,2.1802756786346436,0.0,False
230,231,ARHGEF18,2.1799778938293457,2.1799778938293457,0.0,False
231,232,PTPN22,2.179422616958618,2.179422616958618,0.0,False
232,233,CKMT1B,2.174704074859619,2.174704074859619,0.0,False
233,234,NCR3LG1,2.17177414894104,2.17177414894104,0.0,False
234,235,CD40LG,2.168890953063965,2.168890953063965,0.0,False
235,236,hsa-miR-708-5p,2.1636509895324707,2.1636509895324707,0.0,False
236,237,IP6K3,2.159543037414551,2.159543037414551,0.0,False
237,238,CCR7,2.159236192703247,2.159236192703247,0.0,False
238,239,TGFBR1,2.15388822555542,2.15388822555542,0.0,False
239,240,SYK,2.152236206457019,2.1704180240631104,0.00909090880304575,False
240,241,CD79B,2.152230978012085,2.152230978012085,0.0,False
241,242,FRS2,2.150240421295166,2.150240421295166,0.0,False
242,243,MFGE8,2.149127244949341,2.149127244949341,0.0,False
243,244,CD207,2.147948741912842,2.147948741912842,0.0,False
244,245,JAK1,2.1462173461914062,2.1462173461914062,0.0,False
245,246,ARL17B,2.1459312438964844,2.1459312438964844,0.0,False
246,247,FAM3B,2.142688751220703,2.142688751220703,0.0,False
247,248,CCL27,2.140493631362915,2.140493631362915,0.0,False
248,249,RUNX3,2.1381216049194336,2.1381216049194336,0.0,True
249,250,IFNG,2.1375138759613037,2.392059326171875,0.12727272510528564,False
250,251,NFATC2,2.135010004043579,2.135010004043579,0.0,True
251,252,CFLAR,2.1347856521606445,2.1347856521606445,0.0,False
252,253,IKZF2,2.13083553314209,2.13083553314209,0.0,True
253,254,HEL-S-112,2.130333185195923,2.130333185195923,0.0,False
254,255,MXD4,2.1288866996765137,2.1288866996765137,0.0,True
255,256,JUND,2.120943784713745,2.866398334503174,0.37272727489471436,True
256,257,CD3E,2.1153938435018063,2.1517574787139893,0.0181818176060915,False
257,258,ULBP2,2.114206075668335,2.114206075668335,0.0,False
258,259,PIK3CA,2.110049247741699,2.110049247741699,0.0,False
259,260,OGFR,2.103346824645996,2.103346824645996,0.0,False
260,261,LRRC37A,2.094968557357788,2.094968557357788,0.0,False
261,262,CYP4F3,2.094728946685791,2.094728946685791,0.0,False
262,263,TGFA,2.0931665897369385,2.0931665897369385,0.0,False
263,264,GAB3,2.088331460952759,2.088331460952759,0.0,False
264,265,MAP2K1,2.087599277496338,2.087599277496338,0.0,False
265,266,IFI16,2.081977367401123,2.081977367401123,0.0,False
266,267,CYP2A13,2.081033706665039,2.081033706665039,0.0,False
267,268,RIGI,2.076880931854248,2.076880931854248,0.0,False
268,269,PRKD3,2.0728821754455566,2.0728821754455566,0.0,False
269,270,TNFRSF25,2.0713367462158203,2.0713367462158203,0.0,False
270,271,SFTPA1,2.061840534210205,2.061840534210205,0.0,False
271,272,APRG1,2.060499906539917,2.060499906539917,0.0,False
272,273,IL3RA,2.059664487838745,2.059664487838745,0.0,False
273,274,VAV2,2.0582833290100098,2.0582833290100098,0.0,False
274,275,CNOT9,2.0556998252868652,2.0556998252868652,0.0,False
275,276,CD33,2.0512804985046387,2.0512804985046387,0.0,False
276,277,CACNA1B,2.046835422515869,2.046835422515869,0.0,False
277,278,MYOZ2,2.045290946960449,2.045290946960449,0.0,False
278,279,PIK3R1,2.042348861694336,2.042348861694336,0.0,False
279,280,NT5E,2.040632963180542,2.040632963180542,0.0,False
280,281,ENTREP1,2.036166191101074,2.036166191101074,0.0,False
281,282,ATF3,2.034945487976074,2.034945487976074,0.0,True
282,283,PTGES,2.030517578125,2.030517578125,0.0,False
283,284,MAFF,2.0301991403102875,2.448380947113037,0.20909090340137482,True
284,285,HDAC1,2.0268285274505615,2.0268285274505615,0.0,False
285,286,ULBP3,2.026815414428711,2.026815414428711,0.0,False
286,287,SPIB,2.025911331176758,2.025911331176758,0.0,True
287,288,GRAP2,2.0251643657684326,2.0251643657684326,0.0,False
288,289,PIK3R3,2.0219576358795166,2.0219576358795166,0.0,False
289,290,TNF,2.0171279907226562,2.0171279907226562,0.0,False
290,291,HOXB4,2.016796112060547,2.016796112060547,0.0,True
291,292,A1BG,2.016293525695801,2.016293525695801,0.0,False
292,293,CD40 ligand,2.0117688179016113,2.0117688179016113,0.0,False
293,294,ALOX15,2.0111143589019775,2.0111143589019775,0.0,False
294,295,CASP3,2.0060842037200928,2.0060842037200928,0.0,False
295,296,FSCN1,2.004070520401001,2.004070520401001,0.0,False
296,297,CEBPB,2.0037410259246826,2.0037410259246826,0.0,True
297,298,ARHGDIA,1.9964580535888672,1.9964580535888672,0.0,False
298,299,GPX1,1.9930042028427124,1.9930042028427124,0.0,False
299,300,CCKBR,1.9927233457565308,1.9927233457565308,0.0,False
300,301,NPY6R,1.990487813949585,1.990487813949585,0.0,False
301,302,DRAM1,1.9883811473846436,1.9883811473846436,0.0,False
302,303,BANP,1.9858428239822388,1.9858428239822388,0.0,False
303,304,PTGDS,1.9800971746444702,1.9800971746444702,0.0,False
304,305,NFKB1,1.9755148887634277,1.9755148887634277,0.0,True
305,306,CD80,1.9738924503326416,1.9738924503326416,0.0,False
306,307,CXCR2,1.9667681455612183,1.9667681455612183,0.0,False
307,308,ITGAV,1.9648113250732422,1.9648113250732422,0.0,False
308,309,CRYBG1,1.9644224643707275,1.9644224643707275,0.0,False
309,310,FCER2,1.9634581804275513,1.9634581804275513,0.0,False
310,311,GAPDH,1.9584615230560303,1.9584615230560303,0.0,False
311,312,SOX4,1.956215739250183,1.956215739250183,0.0,True
312,313,SOCS7,1.9558591842651367,1.9558591842651367,0.0,False
313,314,ETS2,1.9558099508285522,1.9558099508285522,0.0,True
314,315,MDK,1.9549134969711304,1.9549134969711304,0.0,False
315,316,C16orf87,1.951906681060791,1.951906681060791,0.0,False
316,317,PRKAG3,1.9518524408340454,1.9518524408340454,0.0,False
317,318,MAGEE1,1.9365862607955933,1.9365862607955933,0.0,False
318,319,CCR8,1.9329537153244019,1.9329537153244019,0.0,False
319,320,DBNL,1.9272483587265015,1.9272483587265015,0.0,False
320,321,MAFK,1.9230259656906128,2.795753240585327,0.4363636374473572,True
321,322,CAPN1,1.9198342561721802,1.9198342561721802,0.0,False
322,323,LOX,1.91863214969635,1.91863214969635,0.0,False
323,324,CTNND1,1.9181427955627441,1.9181427955627441,0.0,False
324,325,ENDOG,1.917592167854309,1.917592167854309,0.0,False
325,326,CES2,1.9128952026367188,1.9128952026367188,0.0,False
326,327,BTK,1.912500023841858,1.912500023841858,0.0,False
327,328,LIMA1,1.9110921621322632,1.9110921621322632,0.0,False
328,329,PLCG1,1.9102613925933838,1.9102613925933838,0.0,False
329,330,TCAF1,1.9094276428222656,1.9094276428222656,0.0,False
330,331,NECTIN3,1.9094276428222656,1.9094276428222656,0.0,False
331,332,CAVIN2,1.9094276428222656,1.9094276428222656,0.0,False
332,333,TMEM47,1.9094276428222656,1.9094276428222656,0.0,False
333,334,NDNF,1.9094276428222656,1.9094276428222656,0.0,False
334,335,IL4R,1.907379150390625,1.907379150390625,0.0,False
335,336,GRK4,1.9061731100082397,1.9061731100082397,0.0,False
336,337,GNB1L,1.9048423767089844,1.9048423767089844,0.0,False
337,338,LRRC16A,1.9022119045257568,1.9022119045257568,0.0,False
338,339,BST2,1.9012765884399414,1.9012765884399414,0.0,False
339,340,GMFG,1.9001046419143677,1.9001046419143677,0.0,False
340,341,ELN,1.8991920948028564,1.8991920948028564,0.0,False
341,342,MMP13,1.8924281597137451,1.8924281597137451,0.0,False
342,343,TMEM102,1.888282299041748,1.888282299041748,0.0,False
343,344,REL,1.8874790668487549,1.8874790668487549,0.0,True
344,345,PRDX2,1.881291389465332,1.881291389465332,0.0,False
345,346,PIK3CB,1.8810389041900635,1.8810389041900635,0.0,False
346,347,LGALS9,1.8800655603408813,1.8800655603408813,0.0,False
347,348,DAPP1,1.8746998310089111,1.8746998310089111,0.0,False
348,349,HTRA2,1.871919870376587,1.871919870376587,0.0,False
349,350,CGN,1.871185064315796,1.871185064315796,0.0,False
350,351,INADL,1.871185064315796,1.871185064315796,0.0,False
351,352,GSR,1.86952543258667,1.86952543258667,0.0,False
352,353,GCLC,1.8693311214447021,1.8693311214447021,0.0,False
353,354,VIM,1.8675661087036133,1.8675661087036133,0.0,False
354,355,IL21R,1.8659658432006836,1.8659658432006836,0.0,False
355,356,hsa-miR-152,1.8651683330535889,1.8651683330535889,0.0,False
356,357,HAX1,1.864905834197998,1.864905834197998,0.0,False
357,358,CCND1,1.863371729850769,1.863371729850769,0.0,False
358,359,RELB,1.8632018566131592,1.8632018566131592,0.0,True
359,360,IRF4,1.853982925415039,3.5812556743621826,0.8636363744735718,True
360,361,MICA,1.8527082204818726,1.8527082204818726,0.0,False
361,362,LCK,1.8435170650482178,1.8435170650482178,0.0,False
362,363,MLLT11,1.8391753435134888,1.8391753435134888,0.0,False
363,364,TRIM4,1.838367223739624,1.838367223739624,0.0,False
364,365,PRKD1,1.834133505821228,1.834133505821228,0.0,False
365,366,LEF1,1.8313117027282715,1.8313117027282715,0.0,True
366,367,OSM,1.8273978233337402,1.8273978233337402,0.0,False
367,368,PDLIM5,1.8233933448791504,1.8233933448791504,0.0,False
368,369,IFITM2,1.8232667446136475,1.8232667446136475,0.0,False
369,370,B2M,1.821531057357788,1.821531057357788,0.0,False
370,371,CKMT1A,1.8206406831741333,1.8206406831741333,0.0,False
371,372,BGLAP,1.8189443349838257,1.8189443349838257,0.0,False
372,373,OPRD1,1.8167117834091187,1.8167117834091187,0.0,False
373,374,ZNF618,1.8135350942611694,1.8135350942611694,0.0,True
374,375,HBEGF,1.8130183219909668,1.8130183219909668,0.0,False
375,376,TMPRSS4,1.8081780672073364,1.8081780672073364,0.0,False
376,377,RGCC,1.8071746826171875,1.8071746826171875,0.0,False
377,378,SCGB3A2,1.8028415441513062,1.8028415441513062,0.0,False
378,379,DKFZp547J036,1.7986021041870117,1.7986021041870117,0.0,False
379,380,EP300,1.7983638048171997,1.7983638048171997,0.0,False
380,381,DMRTA2,1.7969377040863037,1.7969377040863037,0.0,True
381,382,OLIG3,1.7969377040863037,1.7969377040863037,0.0,True
382,383,FCER1G,1.7946285903453827,2.0855376720428467,0.145454540848732,False
383,384,RAC3,1.790453314781189,1.790453314781189,0.0,False
384,385,MAML1,1.789588212966919,1.789588212966919,0.0,False
385,386,LSR,1.7894290685653687,1.7894290685653687,0.0,False
386,387,MAFG,1.7860309481620789,2.5678491592407227,0.3909091055393219,True
387,388,FGFBP1,1.7829203605651855,1.7829203605651855,0.0,False
388,389,FANCC,1.7822519540786743,1.7822519540786743,0.0,False
389,390,CCNG2,1.7782238721847534,1.7782238721847534,0.0,False
390,391,FAN1,1.7775826454162598,1.7775826454162598,0.0,False
391,392,KCNJ8,1.7764594554901123,1.7764594554901123,0.0,False
392,393,ADCYAP1,1.775376558303833,1.775376558303833,0.0,False
393,394,C1RL,1.773460030555725,1.773460030555725,0.0,False
394,395,BDNF 2-5,1.7720959186553955,1.7720959186553955,0.0,False
395,396,OPRK1,1.769652009010315,1.769652009010315,0.0,False
396,397,ZNF404,1.765202283859253,1.765202283859253,0.0,True
397,398,SBSN,1.762904405593872,1.762904405593872,0.0,False
398,399,SIRT1,1.7613060474395752,1.7613060474395752,0.0,False
399,400,VEGFA,1.761255145072937,1.761255145072937,0.0,False
400,401,GPX4,1.7590051889419556,1.7590051889419556,0.0,False
401,402,GPC1,1.7581216096878052,1.7581216096878052,0.0,False
402,403,ISG20,1.7573761940002441,1.7573761940002441,0.0,False
403,404,LYN,1.7538228034973145,1.7538228034973145,0.0,False
404,405,TCP11L2,1.751621127128601,1.751621127128601,0.0,False
405,406,NEUROG1,1.7500460147857666,1.7500460147857666,0.0,True
406,407,THPO,1.7449253797531128,1.7449253797531128,0.0,False
407,408,DMTF1,1.7447530031204224,1.7447530031204224,0.0,True
408,409,CD276,1.7437800168991089,1.7437800168991089,0.0,False
409,410,DOK3,1.742496132850647,1.742496132850647,0.0,False
410,411,WNT9A,1.7422751188278198,1.7422751188278198,0.0,False
411,412,F13A1,1.7406325340270996,1.7406325340270996,0.0,False
412,413,BASH,1.7401072978973389,1.7401072978973389,0.0,False
413,414,hRANKL 3,1.7379478216171265,1.7379478216171265,0.0,False
414,415,CCKAR,1.7378613948822021,1.7378613948822021,0.0,False
415,416,AIF1,1.7358229160308838,1.7358229160308838,0.0,False
416,417,NMI,1.7342472076416016,1.7342472076416016,0.0,False
417,418,IL11,1.7337901592254639,1.7337901592254639,0.0,False
418,419,ID3,1.7314364910125732,1.7314364910125732,0.0,False
419,420,TRADD,1.73044753074646,1.73044753074646,0.0,False
420,421,ELAVL2,1.7302563190460205,1.7302563190460205,0.0,False
421,422,PDGFB,1.7301210165023804,1.7301210165023804,0.0,False
422,423,CD226,1.7296236753463745,1.7296236753463745,0.0,False
423,424,TNFSF13B,1.7275655269622803,1.7275655269622803,0.0,False
424,425,ETV4,1.725195050239563,1.725195050239563,0.0,True
425,426,CD44,1.7238075733184814,1.7238075733184814,0.0,False
426,427,RYK,1.722660779953003,1.722660779953003,0.0,False
427,428,ARHGAP35,1.7226486206054688,1.7226486206054688,0.0,True
428,429,MSR1,1.719773769378662,1.719773769378662,0.0,False
429,430,CEBPD,1.7194955348968506,1.7194955348968506,0.0,True
430,431,PCSK2,1.718291997909546,1.718291997909546,0.0,False
431,432,FZD10,1.717197299003601,1.717197299003601,0.0,False
432,433,TNFSF12,1.7160794734954834,1.7160794734954834,0.0,False
433,434,USP29,1.714858055114746,1.714858055114746,0.0,False
434,435,MAP3K1,1.7113311290740967,1.7113311290740967,0.0,False
435,436,IL27,1.7101891040802002,1.7101891040802002,0.0,False
436,437,SNAI1,1.7090537548065186,1.7090537548065186,0.0,True
437,438,ZIM3,1.7048815488815308,1.7048815488815308,0.0,True
438,439,ANKRD1,1.7004594802856445,1.7004594802856445,0.0,False
439,440,DRD3,1.699446439743042,1.699446439743042,0.0,False
440,441,PLEK,1.6948418617248535,1.6948418617248535,0.0,False
441,442,TIMM17A,1.6931242942810059,1.6931242942810059,0.0,False
442,443,TIMM50,1.6918230056762695,1.6918230056762695,0.0,False
443,444,RORC,1.6885285377502441,1.6885285377502441,0.0,True
444,445,FGFBP2,1.6883087158203125,1.6883087158203125,0.0,False
445,446,PCYOX1L,1.6879435777664185,1.6879435777664185,0.0,False
446,447,PIK3CD,1.6878007650375366,1.6878007650375366,0.0,False
447,448,PVRL1,1.6864478588104248,1.6864478588104248,0.0,False
448,449,GPX7,1.6852186918258667,1.6852186918258667,0.0,False
449,450,TMEFF2,1.6834467649459839,1.6834467649459839,0.0,False
450,451,IFNL3,1.6825429201126099,1.6825429201126099,0.0,False
451,452,CCR9,1.6798235177993774,1.6798235177993774,0.0,False
452,453,PAM16,1.6743792295455933,1.6743792295455933,0.0,False
453,454,SULF2,1.6741902828216553,1.6741902828216553,0.0,False
454,455,STK35,1.6724176406860352,1.6724176406860352,0.0,False
455,456,HCFC1R1,1.6695986986160278,1.6695986986160278,0.0,False
456,457,GSTO1,1.6689497232437134,1.6689497232437134,0.0,False
457,458,CCR3,1.6645255088806152,1.6645255088806152,0.0,False
458,459,TNLG5A,1.663859248161316,1.663859248161316,0.0,False
459,460,ADAR,1.6636300086975098,1.6636300086975098,0.0,False
460,461,GSTA1,1.6626536846160889,1.6626536846160889,0.0,False
461,462,PPA1,1.660463809967041,1.660463809967041,0.0,False
462,463,CBL,1.6578571796417236,1.6578571796417236,0.0,False
463,464,SIGLEC1,1.653701901435852,1.653701901435852,0.0,False
464,465,DOK2,1.6531463861465454,1.6531463861465454,0.0,False
465,466,ALOX5,1.6523263454437256,1.6523263454437256,0.0,False
466,467,FCRL4,1.6516270637512207,1.6516270637512207,0.0,False
467,468,DMRTA1,1.6514458656311035,1.6514458656311035,0.0,True
468,469,FN1,1.6504855155944824,1.6504855155944824,0.0,False
469,470,ANKRD11,1.6485731601715088,1.6485731601715088,0.0,False
470,471,ERBB2IP,1.6482082605361938,1.6482082605361938,0.0,False
471,472,TIMM23,1.6479467153549194,1.6479467153549194,0.0,False
472,473,MGST1,1.647859811782837,1.647859811782837,0.0,False
473,474,ZIM2,1.6477153301239014,1.6477153301239014,0.0,True
474,475,FREM3,1.6473884582519531,1.6473884582519531,0.0,False
475,476,FLT1,1.6443700790405273,1.6443700790405273,0.0,False
476,477,TNFRSF11A,1.6406123638153076,1.6406123638153076,0.0,False
477,478,MAP4K4,1.6402764320373535,1.6402764320373535,0.0,False
478,479,IL23A,1.6319382190704346,1.6319382190704346,0.0,False
479,480,TIMM21,1.6294066905975342,1.6294066905975342,0.0,False
480,481,CRLF2 fusion,1.6280760765075684,1.6280760765075684,0.0,False
481,482,BIRC3,1.6269795894622803,1.6269795894622803,0.0,False
482,483,ATF4,1.6249210834503174,1.6249210834503174,0.0,True
483,484,TNFRSF1B,1.6248201131820679,1.6248201131820679,0.0,False
484,485,FCRL2,1.6227091550827026,1.6227091550827026,0.0,False
485,486,FADD,1.617247223854065,1.617247223854065,0.0,False
486,487,ANXA5,1.6165459156036377,1.6165459156036377,0.0,False
487,488,GADD45G,1.6114249229431152,1.6114249229431152,0.0,False
488,489,KCNB1,1.6111931800842285,1.6111931800842285,0.0,False
489,490,RALGDS,1.6101374626159668,1.6101374626159668,0.0,False
490,491,GPX3,1.6098592281341553,1.6098592281341553,0.0,False
491,492,ABCC9,1.6073992252349854,1.6073992252349854,0.0,False
492,493,TRAT1,1.6027448177337646,1.6027448177337646,0.0,False
493,494,CASP8,1.602695107460022,1.602695107460022,0.0,False
494,495,RNASEH2C,1.6024490594863892,1.6024490594863892,0.0,False
495,496,WNT7B,1.6012647151947021,1.6012647151947021,0.0,False
496,497,TIMM17B,1.6003464460372925,1.6003464460372925,0.0,False
497,498,PRL,1.5999419689178467,1.5999419689178467,0.0,False
498,499,IL6ST,1.5998175144195557,1.5998175144195557,0.0,False
499,500,TFAP2C,1.5942814350128174,1.5942814350128174,0.0,True
500,501,PROKR1,1.5941438674926758,1.5941438674926758,0.0,False
501,502,IL6R,1.5938782691955566,1.5938782691955566,0.0,False
502,503,IL15RA,1.5936166048049927,1.5936166048049927,0.0,False
503,504,FCGRT,1.5922749042510986,1.5922749042510986,0.0,False
504,505,PTPN11,1.5921134948730469,1.8466589450836182,0.12727272510528564,False
505,506,CD3D,1.5891995429992676,1.5891995429992676,0.0,False
506,507,GSTA2,1.5847866535186768,1.5847866535186768,0.0,False
507,508,COP1,1.5846779346466064,1.5846779346466064,0.0,False
508,509,NCF4,1.5819646120071411,1.5819646120071411,0.0,False
509,510,SCGB3A1,1.580992341041565,1.580992341041565,0.0,False
510,511,HINFP,1.577932357788086,1.577932357788086,0.0,True
511,512,FCRL3,1.574461817741394,1.574461817741394,0.0,False
512,513,STAT1,1.5685645639896393,1.7867463827133179,0.1090909093618393,True
513,514,CARD11,1.5668045282363892,1.5668045282363892,0.0,False
514,515,STAT4,1.566515326499939,1.566515326499939,0.0,True
515,516,SMAD2,1.565848708152771,1.565848708152771,0.0,False
516,517,EGR1,1.5630402397364378,1.5812220573425293,0.00909090880304575,True
517,518,TRAF2,1.5595505237579346,1.5595505237579346,0.0,False
518,519,NCF1,1.5588171482086182,1.5588171482086182,0.0,False
519,520,SMAD7,1.558605670928955,1.558605670928955,0.0,False
520,521,ZYX,1.5564872026443481,1.5564872026443481,0.0,False
521,522,TP53AIP1,1.5545010566711426,1.5545010566711426,0.0,False
522,523,IGF2BP2,1.5538346767425537,1.5538346767425537,0.0,False
523,524,MAPK13,1.5533232688903809,1.5533232688903809,0.0,False
524,525,STAT5A,1.5509317517280579,2.2600226402282715,0.3545454442501068,True
525,526,PHF14,1.5497362613677979,1.5497362613677979,0.0,False
526,527,MCF2,1.544088363647461,1.544088363647461,0.0,False
527,528,ZNF195,1.544088363647461,1.544088363647461,0.0,True
528,529,TRIM15,1.544088363647461,1.544088363647461,0.0,False
529,530,TSPAN7,1.5387659072875977,1.5387659072875977,0.0,False
530,531,COL13A1,1.5387656688690186,1.5387656688690186,0.0,False
531,532,KLRB1,1.5290225744247437,1.5290225744247437,0.0,False
532,533,KCNIP4,1.5275135040283203,1.5275135040283203,0.0,False
533,534,ENTPD7,1.527360439300537,1.527360439300537,0.0,False
534,535,ITGB5,1.524336576461792,1.524336576461792,0.0,False
535,536,APP,1.5239346027374268,1.5239346027374268,0.0,False
536,537,JDP2,1.5213518142700195,1.5213518142700195,0.0,True
537,538,FOXC1,1.5200766324996948,1.5200766324996948,0.0,True
538,539,MAP3K5,1.5191490650177002,1.5191490650177002,0.0,False
539,540,GSTM4,1.5180140733718872,1.5180140733718872,0.0,False
540,541,CEBPE,1.5170578956604004,1.5170578956604004,0.0,True
541,542,EPHB3,1.5168592929840088,1.5168592929840088,0.0,False
542,543,NCAM1,1.5126891136169434,1.8945072889328003,0.19090908765792847,False
543,544,NOS1AP,1.512313723564148,1.512313723564148,0.0,False
544,545,SPI1,1.5108903646469116,2.583617687225342,0.5363636612892151,True
545,546,TGM3,1.5108381509780884,1.5108381509780884,0.0,False
546,547,KLRD1,1.5038706585764885,1.5765979290008545,0.036363635212183,False
547,548,SCNN1G,1.5011265277862549,1.5011265277862549,0.0,False
548,549,CD7,1.5009756088256836,1.5009756088256836,0.0,False
549,550,SLC6A8,1.4991346597671509,1.4991346597671509,0.0,False
550,551,CPZ,1.4968914985656738,1.4968914985656738,0.0,False
551,552,GSTM2,1.496880054473877,1.496880054473877,0.0,False
552,553,GSTM3,1.4966235160827637,1.4966235160827637,0.0,False
553,554,PCOLCE2,1.492609977722168,1.492609977722168,0.0,False
554,555,NKX3-2,1.491512417793274,1.491512417793274,0.0,True
555,556,MIDEAS,1.4895206689834595,1.4895206689834595,0.0,False
556,557,CD3G,1.4886071681976318,1.4886071681976318,0.0,False
557,558,MAPK14,1.4880317449569702,1.4880317449569702,0.0,False
558,559,FYN,1.486547827720642,1.486547827720642,0.0,False
559,560,ZC3H12D,1.4856301546096802,1.4856301546096802,0.0,False
560,561,SERPINF2,1.481952428817749,1.481952428817749,0.0,False
561,562,FAM107B,1.4808189868927002,1.4808189868927002,0.0,False
562,563,GNG3,1.477416753768921,1.477416753768921,0.0,False
563,564,CD34,1.4754124879837036,1.4754124879837036,0.0,False
564,565,TMEM173,1.4739323854446411,1.4739323854446411,0.0,False
565,566,ALOX5AP,1.4699485301971436,1.4699485301971436,0.0,False
566,567,CD70,1.4663618803024292,1.4663618803024292,0.0,False
567,568,FOXC2,1.4652504920959473,1.4652504920959473,0.0,True
568,569,GSTM1,1.4586645364761353,1.4586645364761353,0.0,False
569,570,CLEC4G,1.4574172496795654,1.4574172496795654,0.0,False
570,571,RUNX2,1.4556634426116943,1.4556634426116943,0.0,True
571,572,IL24,1.4537243843078613,1.4537243843078613,0.0,False
572,573,KIRREL2,1.4535396099090576,1.4535396099090576,0.0,False
573,574,KRT35,1.4503324031829834,1.4503324031829834,0.0,False
574,575,CYBA,1.4486290216445923,1.4486290216445923,0.0,False
575,576,LY75,1.4456946849822998,1.4456946849822998,0.0,False
576,577,MGST2,1.4381542205810547,1.4381542205810547,0.0,False
577,578,CEACAM5,1.4365129470825195,1.4365129470825195,0.0,False
578,579,IGF1R,1.43412184715271,1.43412184715271,0.0,False
579,580,TIMM22,1.4326484203338623,1.4326484203338623,0.0,False
580,581,WIF1,1.4324924945831299,1.4324924945831299,0.0,False
581,582,ZMIZ1,1.4305055141448975,1.4305055141448975,0.0,False
582,583,CST5,1.42795991897583,1.42795991897583,0.0,False
583,584,RASSF1,1.4277687072753906,1.4277687072753906,0.0,False
584,585,BCL10,1.4234739542007446,1.4234739542007446,0.0,False
585,586,HEL-S-75p,1.4222475290298462,1.4222475290298462,0.0,False
586,587,SH3BP2,1.4178932905197144,1.4178932905197144,0.0,False
587,588,SATB2,1.417335033416748,1.417335033416748,0.0,True
588,589,CD58,1.414049506187439,1.414049506187439,0.0,False
589,590,MYCBP,1.4128799438476562,1.4128799438476562,0.0,False
590,591,DNAJC19,1.412663221359253,1.412663221359253,0.0,False
591,592,DUSP7,1.4116742610931396,1.4116742610931396,0.0,False
592,593,TRGV9,1.4110689163208008,1.4110689163208008,0.0,False
593,594,ETS1,1.409929245710373,1.700838327407837,0.145454540848732,True
594,595,MYBL2,1.4071934223175049,1.4071934223175049,0.0,True
595,596,CES4A,1.401137351989746,1.401137351989746,0.0,False
596,597,CASP9,1.395292043685913,1.395292043685913,0.0,False
597,598,CBLIF,1.3912794589996338,1.3912794589996338,0.0,False
598,599,IL17RA,1.3851780891418457,1.3851780891418457,0.0,False
599,600,ATOH1,1.3827714920043945,1.3827714920043945,0.0,True
600,601,IFNA5,1.382723331451416,1.382723331451416,0.0,False
601,602,PRKAR2B,1.3814032077789307,1.3814032077789307,0.0,False
602,603,GSTA5,1.3797345161437988,1.3797345161437988,0.0,False
603,604,ASB9,1.3775447607040405,1.3775447607040405,0.0,False
604,605,PSG4,1.3755393028259277,1.3755393028259277,0.0,False
605,606,IL22,1.3751027584075928,1.3751027584075928,0.0,False
606,607,SLAMF6,1.3745509386062622,1.3745509386062622,0.0,False
607,608,TIMM44,1.3711220026016235,1.3711220026016235,0.0,False
608,609,CD72,1.3694775104522705,1.3694775104522705,0.0,False
609,610,PAX9,1.368153691291809,1.368153691291809,0.0,True
610,611,APCS,1.366615653038025,1.366615653038025,0.0,False
611,612,SCG5,1.365781545639038,1.365781545639038,0.0,False
612,613,PML,1.3643718957901,1.3643718957901,0.0,False
613,614,EPHX1,1.356257677078247,1.356257677078247,0.0,False
614,615,MMP9,1.3550692796707153,1.3550692796707153,0.0,False
615,616,IFNL1,1.352009892463684,1.352009892463684,0.0,False
616,617,WDR48,1.3497933149337769,1.3497933149337769,0.0,False
617,618,CORO7-PAM16,1.3492069244384766,1.3492069244384766,0.0,False
618,619,GLG1,1.346075177192688,1.346075177192688,0.0,False
619,620,CD247,1.345259428024292,1.4725321531295776,0.06363636255264282,False
620,621,RASD1,1.342488408088684,1.342488408088684,0.0,False
621,622,GFI1,1.3416112661361694,1.3416112661361694,0.0,True
622,623,KDM1A,1.3412190675735474,1.3412190675735474,0.0,False
623,624,KRTDAP,1.3390753269195557,1.3390753269195557,0.0,False
624,625,FCGR3A,1.3373098075389862,1.5009461641311646,0.08181817829608917,False
625,626,FANCF,1.3364605903625488,1.3364605903625488,0.0,False
626,627,TP53,1.3343687057495117,1.3343687057495117,0.0,True
627,628,TNFSF14,1.3302441835403442,1.3302441835403442,0.0,False
628,629,ADAMTS16,1.3294790983200073,1.3294790983200073,0.0,False
629,630,ADGRE4P,1.3294416666030884,1.3294416666030884,0.0,False
630,631,GPR132,1.328223466873169,1.328223466873169,0.0,False
631,632,IL12B,1.326322078704834,1.326322078704834,0.0,False
632,633,DUSP9,1.3250997066497803,1.3250997066497803,0.0,False
633,634,GRPEL2,1.3239325284957886,1.3239325284957886,0.0,False
634,635,LGR5,1.3204047679901123,1.3204047679901123,0.0,False
635,636,MMP20,1.3167521953582764,1.3167521953582764,0.0,False
636,637,MYC,1.3125667572021484,1.3125667572021484,0.0,True
637,638,PRF1,1.3117582127451897,1.3844854831695557,0.036363635212183,False
638,639,CASP7,1.3117482662200928,1.3117482662200928,0.0,False
639,640,BCL3,1.3110315799713135,1.3110315799713135,0.0,False
640,641,ZNF44,1.3085792064666748,1.3085792064666748,0.0,True
641,642,TMEM200A,1.3072545528411865,1.3072545528411865,0.0,False
642,643,ZNF501,1.304011583328247,1.304011583328247,0.0,True
643,644,ZNF629,1.304011583328247,1.304011583328247,0.0,True
644,645,ZNF763,1.3040114641189575,1.3040114641189575,0.0,True
645,646,PRKACG,1.3030695915222168,1.3030695915222168,0.0,False
646,647,SMAD4,1.3028168678283691,1.3028168678283691,0.0,True
647,648,NHSL1,1.3018064498901367,1.3018064498901367,0.0,False
648,649,PROM1,1.3015882968902588,1.3015882968902588,0.0,False
649,650,TYK2,1.3015165328979492,1.3015165328979492,0.0,False
650,651,ZNF260,1.3002216815948486,1.3002216815948486,0.0,True
651,652,VAV3,1.2998186349868774,1.2998186349868774,0.0,False
652,653,CYSLTR2,1.2988672256469727,1.2988672256469727,0.0,False
653,654,MBD3,1.2975780963897705,1.2975780963897705,0.0,True
654,655,HLA-E,1.297088623046875,1.297088623046875,0.0,False
655,656,ZNF106,1.2955552339553833,1.2955552339553833,0.0,False
656,657,HOXC4,1.2949905395507812,1.2949905395507812,0.0,True
657,658,GSTZ1,1.2935707569122314,1.2935707569122314,0.0,False
658,659,RHOG,1.290286660194397,1.290286660194397,0.0,False
659,660,CD38,1.2872339487075806,1.2872339487075806,0.0,False
660,661,FAAP24,1.2855085134506226,1.2855085134506226,0.0,False
661,662,HOXC5,1.284249186515808,1.284249186515808,0.0,True
662,663,RASD2,1.2840328216552734,1.2840328216552734,0.0,False
663,664,MAP3K8,1.2836813926696777,1.2836813926696777,0.0,False
664,665,TSHR,1.2826788425445557,1.2826788425445557,0.0,False
665,666,CXCL1,1.280954122543335,1.280954122543335,0.0,False
666,667,FANCB,1.2788171768188477,1.2788171768188477,0.0,False
667,668,FANCG,1.2755364179611206,1.2755364179611206,0.0,False
668,669,S100A9,1.2731444835662842,1.2731444835662842,0.0,False
669,670,IFITM3,1.2729711532592773,1.2729711532592773,0.0,False
670,671,TIMM9,1.2681834697723389,1.2681834697723389,0.0,False
671,672,GJA9-MYCBP,1.2653603553771973,1.2653603553771973,0.0,False
672,673,HCK,1.2637317180633545,1.2637317180633545,0.0,False
673,674,COL4A3BP,1.2632272243499756,1.2632272243499756,0.0,False
674,675,TIMM10B,1.2615331411361694,1.2615331411361694,0.0,False
675,676,GSS,1.2607548236846924,1.2607548236846924,0.0,False
676,677,PCSK1N,1.2604724168777466,1.2604724168777466,0.0,False
677,678,PTPRCAP,1.2566273212432861,1.2566273212432861,0.0,False
678,679,KCNRG,1.256435751914978,1.256435751914978,0.0,False
679,680,RAPGEF1,1.2534232139587402,1.2534232139587402,0.0,False
680,681,ADAD1,1.2489774227142334,1.2489774227142334,0.0,False
681,682,ADCY9,1.248066782951355,1.248066782951355,0.0,False
682,683,RASGRF1,1.2457704544067383,1.2457704544067383,0.0,False
683,684,TLR4,1.2452566623687744,1.2452566623687744,0.0,False
684,685,RALB,1.2452019453048706,1.2452019453048706,0.0,False
685,686,PIN1,1.2450844049453735,1.2450844049453735,0.0,True
686,687,STPG4,1.2440433502197266,1.2440433502197266,0.0,False
687,688,PSG1,1.2416855096817017,1.2416855096817017,0.0,False
688,689,ANKRD26,1.2403075695037842,1.2403075695037842,0.0,False
689,690,PTPN6,1.2401946783065796,1.731103777885437,0.2454545497894287,False
690,691,FKRP,1.2396167516708374,1.2396167516708374,0.0,False
691,692,FANCE,1.239261269569397,1.239261269569397,0.0,False
692,693,SOS1,1.239082932472229,1.239082932472229,0.0,False
693,694,CHRD,1.2373238801956177,1.2373238801956177,0.0,False
694,695,IL6,1.236095905303955,1.236095905303955,0.0,False
695,696,MARVELD2,1.2355995178222656,1.2355995178222656,0.0,False
696,697,ABL1,1.235168218612671,1.235168218612671,0.0,False
697,698,CCL8,1.2342305183410645,1.2342305183410645,0.0,False
698,699,DUSP4,1.2304155826568604,1.2304155826568604,0.0,False
699,700,TNFRSF18,1.2267639636993408,1.2267639636993408,0.0,False
700,701,CLEC5A,1.2238528728485107,1.2238528728485107,0.0,False
701,702,TREX1,1.218482494354248,1.218482494354248,0.0,False
702,703,RAPGEF6,1.2155866622924805,1.2155866622924805,0.0,False
703,704,ARSE,1.2137930393218994,1.2137930393218994,0.0,False
704,705,USP1,1.2131626605987549,1.2131626605987549,0.0,False
705,706,FGL2,1.2123295068740845,1.2123295068740845,0.0,False
706,707,HOXD4,1.211545705795288,1.211545705795288,0.0,True
707,708,CCDC28A,1.2112195491790771,1.2112195491790771,0.0,False
708,709,APOC3,1.210052490234375,1.210052490234375,0.0,False
709,710,MUC5B,1.206336259841919,1.206336259841919,0.0,False
710,711,APOA4,1.2049890756607056,1.2049890756607056,0.0,False
711,712,SELPLG,1.2037453651428223,1.2037453651428223,0.0,False
712,713,BTBD6,1.2033360004425049,1.2033360004425049,0.0,False
713,714,CGB7,1.1998836994171143,1.1998836994171143,0.0,False
714,715,SOX3,1.199726939201355,1.199726939201355,0.0,True
715,716,CD248,1.1984672546386719,1.1984672546386719,0.0,False
716,717,BAD,1.195650577545166,1.195650577545166,0.0,False
717,718,GGTLC1,1.1928117275238037,1.1928117275238037,0.0,False
718,719,NOG,1.1900259256362915,1.1900259256362915,0.0,False
719,720,GP6,1.1851699352264404,1.1851699352264404,0.0,False
720,721,CAPN2,1.1806596517562866,1.1806596517562866,0.0,False
721,722,PTPN13,1.1801396608352661,1.1801396608352661,0.0,False
722,723,HILPDA,1.179736614227295,1.179736614227295,0.0,False
723,724,CDKL1,1.1787757873535156,1.1787757873535156,0.0,False
724,725,PRDM2,1.1783798933029175,1.1783798933029175,0.0,True
725,726,LTA,1.176320195198059,1.176320195198059,0.0,False
726,727,SCCA2,1.1762568950653076,1.1762568950653076,0.0,False
727,728,USP44,1.1716076135635376,1.1716076135635376,0.0,False
728,729,CORIN,1.1712337732315063,1.1712337732315063,0.0,False
729,730,BCL6B,1.170964002609253,1.170964002609253,0.0,True
730,731,ZNF304,1.1706870794296265,1.1706870794296265,0.0,True
731,732,CISH,1.1694304943084717,1.1694304943084717,0.0,False
732,733,BIRC5,1.1676316261291504,1.1676316261291504,0.0,False
733,734,TAS2R13,1.1673970222473145,1.1673970222473145,0.0,False
734,735,HPGD,1.1668018102645874,1.1668018102645874,0.0,False
735,736,KCNIP1,1.1639294624328613,1.1639294624328613,0.0,False
736,737,BIRC2,1.1636735200881958,1.1636735200881958,0.0,False
737,738,CASKIN1,1.1636180877685547,1.1636180877685547,0.0,False
738,739,SNURF,1.1611011028289795,1.1611011028289795,0.0,False
739,740,B3GAT1,1.1588389873504639,1.1588389873504639,0.0,False
740,741,EPB41L4B,1.1572508811950684,1.1572508811950684,0.0,False
741,742,SPIC,1.1533488035202026,1.1533488035202026,0.0,True
742,743,FAAH,1.1487135887145996,1.1487135887145996,0.0,False
743,744,SMAD3,1.1450074911117554,1.1450074911117554,0.0,True
744,745,CREBBP,1.1438250541687012,1.1438250541687012,0.0,False
745,746,TMEM50B,1.1380705833435059,1.1380705833435059,0.0,False
746,747,KDM3A,1.1351298093795776,1.1351298093795776,0.0,False
747,748,LOXL3,1.134040117263794,1.134040117263794,0.0,False
748,749,LMNA,1.132453203201294,1.132453203201294,0.0,False
749,750,RIOX2,1.132448434829712,1.132448434829712,0.0,False
750,751,ITGB2,1.1295117139816284,1.1295117139816284,0.0,False
751,752,CTNNB1,1.127286434173584,1.127286434173584,0.0,False
752,753,NTN1,1.1272079944610596,1.1272079944610596,0.0,False
753,754,HOXB5,1.1264172792434692,1.1264172792434692,0.0,True
754,755,AVEN,1.1193177700042725,1.1193177700042725,0.0,False
755,756,AMY1A,1.1188924312591553,1.1188924312591553,0.0,False
756,757,MAGEA2B,1.117186427116394,1.117186427116394,0.0,False
757,758,SDC2,1.115717887878418,1.115717887878418,0.0,False
758,759,POLDIP2,1.1142780780792236,1.1142780780792236,0.0,False
759,760,REN,1.1098887920379639,1.1098887920379639,0.0,False
760,761,FANCL,1.1015753746032715,1.1015753746032715,0.0,False
761,762,GPR18,1.1014676094055176,1.1014676094055176,0.0,False
762,763,P1,1.1004858016967773,1.1004858016967773,0.0,False
763,764,PARP4,1.097930908203125,1.097930908203125,0.0,False
764,765,EPOR,1.0977540016174316,1.0977540016174316,0.0,False
765,766,NAPEPLD,1.0961781740188599,1.0961781740188599,0.0,False
766,767,DAGLB,1.0955655574798584,1.0955655574798584,0.0,False
767,768,LOXL4,1.0948628187179565,1.0948628187179565,0.0,False
768,769,TSLP,1.0923558473587036,1.0923558473587036,0.0,False
769,770,RNASE13,1.0916661024093628,1.0916661024093628,0.0,False
770,771,IFI27,1.0912816524505615,1.0912816524505615,0.0,False
771,772,CCL3,1.0896469354629517,1.0896469354629517,0.0,False
772,773,MS4A2,1.0882701873779297,1.0882701873779297,0.0,False
773,774,HEMGN,1.0837639570236206,1.0837639570236206,0.0,False
774,775,GPR4,1.0782909393310547,1.0782909393310547,0.0,False
775,776,CD83,1.0776416063308716,1.0776416063308716,0.0,False
776,777,EREG,1.0750596523284912,1.0750596523284912,0.0,False
777,778,AGER,1.0729482173919678,1.0729482173919678,0.0,False
778,779,CCL26,1.0719783306121826,1.0719783306121826,0.0,False
779,780,TCP10L,1.0717841386795044,1.0717841386795044,0.0,False
780,781,ZEB1,1.068110466003418,1.068110466003418,0.0,True
781,782,CXCL2,1.0641590356826782,1.0641590356826782,0.0,False
782,783,MAP3K3,1.0641109943389893,1.0641109943389893,0.0,False
783,784,HBE1,1.0635199546813965,1.0635199546813965,0.0,False
784,785,RHOU,1.058778166770935,1.058778166770935,0.0,False
785,786,ZFP42,1.0569519996643066,1.0569519996643066,0.0,True
786,787,DUSP2,1.0567781925201416,1.0567781925201416,0.0,False
787,788,CAPN6,1.056240439414978,1.056240439414978,0.0,False
788,789,ZNF436,1.0556584596633911,1.0556584596633911,0.0,True
789,790,DNAJC15,1.054378867149353,1.054378867149353,0.0,False
790,791,SIGLEC15,1.053571343421936,1.053571343421936,0.0,False
791,792,PLA2G2A,1.0535216331481934,1.0535216331481934,0.0,False
792,793,DAGLA,1.0524040460586548,1.0524040460586548,0.0,False
793,794,RIPOR2,1.051041841506958,1.051041841506958,0.0,False
794,795,KLRC2,1.0455371141433716,1.0455371141433716,0.0,False
795,796,ICAM1,1.0453494787216187,1.0453494787216187,0.0,False
796,797,PDGFRB,1.044651746749878,1.044651746749878,0.0,False
797,798,ABHD12,1.0431338548660278,1.0431338548660278,0.0,False
798,799,DHRS2,1.0377179384231567,1.0377179384231567,0.0,False
799,800,ARHGAP15,1.0360115766525269,1.0360115766525269,0.0,False
800,801,CCR5,1.0346215963363647,1.0346215963363647,0.0,False
801,802,GP5,1.0334820747375488,1.0334820747375488,0.0,False
802,803,CCNB1,1.0331183671951294,1.0331183671951294,0.0,False
803,804,ABHD6,1.0312080383300781,1.0312080383300781,0.0,False
804,805,BABAM2,1.03095543384552,1.03095543384552,0.0,False
805,806,HOXC6,1.0289450883865356,1.0289450883865356,0.0,True
806,807,TOMM40,1.0269830226898193,1.0269830226898193,0.0,False
807,808,YOD1,1.0266848802566528,1.0266848802566528,0.0,False
808,809,MELTF,1.025181770324707,1.025181770324707,0.0,False
809,810,TNFSF13,1.0228970050811768,1.0228970050811768,0.0,False
810,811,TNFSF11,1.0159809589385986,1.0159809589385986,0.0,False
811,812,IFNA4,1.0132532119750977,1.0132532119750977,0.0,False
812,813,PHF20L1,1.0107090473175049,1.0107090473175049,0.0,False
813,814,SOCS5,1.0106546878814697,1.0106546878814697,0.0,False
814,815,LLGL1,1.0091116428375244,1.0091116428375244,0.0,False
815,816,FAAH2,1.0087485313415527,1.0087485313415527,0.0,False
816,817,CCL19,1.0085686445236206,1.0085686445236206,0.0,False
817,818,CNR1,1.0075643062591553,1.0075643062591553,0.0,False
818,819,IFNA1,1.0065644979476929,1.0065644979476929,0.0,False
819,820,GFI1B,1.0054821968078613,1.0054821968078613,0.0,True
820,821,REX1BD,1.0040271282196045,1.0040271282196045,0.0,False
821,822,FANCA,1.0021916627883911,1.0021916627883911,0.0,False
822,823,ELANE,0.9984354376792908,0.9984354376792908,0.0,False
823,824,CHUK,0.9979079961776733,0.9979079961776733,0.0,False
824,825,SAA2-SAA4,0.997014045715332,0.997014045715332,0.0,False
825,826,GHRH,0.9942322969436646,0.9942322969436646,0.0,False
826,827,NHSL2,0.9908368587493896,0.9908368587493896,0.0,False
827,828,PAX1,0.9884333610534668,0.9884333610534668,0.0,True
828,829,NFYC,0.9877839684486389,0.9877839684486389,0.0,True
829,830,CRLF1,0.9870823621749878,0.9870823621749878,0.0,False
830,831,IL10RB,0.9806651473045349,0.9806651473045349,0.0,False
831,832,ADRBK2,0.9765058755874634,0.9765058755874634,0.0,False
832,833,KLRC1,0.9754200577735901,0.9754200577735901,0.0,False
833,834,CLCF1,0.9719803333282471,0.9719803333282471,0.0,False
834,835,SCG3,0.9687867164611816,0.9687867164611816,0.0,False
835,836,DDT,0.9683784246444702,0.9683784246444702,0.0,False
836,837,SECTM1,0.9675259590148926,0.9675259590148926,0.0,False
837,838,GPR55,0.9670109748840332,0.9670109748840332,0.0,False
838,839,MRPL53,0.9656567573547363,0.9656567573547363,0.0,False
839,840,PRDM16,0.9649604558944702,0.9649604558944702,0.0,True
840,841,HOXB7,0.963716983795166,0.963716983795166,0.0,True
841,842,H2AC19,0.9635105729103088,0.9635105729103088,0.0,False
842,843,CTBP1,0.9613495469093323,0.9613495469093323,0.0,False
843,844,IFT172,0.9587637782096863,0.9587637782096863,0.0,False
844,845,OTUD5,0.9577220678329468,0.9577220678329468,0.0,False
845,846,PCDH7,0.9566060304641724,0.9566060304641724,0.0,False
846,847,FLII,0.9547010660171509,0.9547010660171509,0.0,False
847,848,EGR4,0.9545000791549683,0.9545000791549683,0.0,True
848,849,TLR3,0.9508007764816284,0.9508007764816284,0.0,False
849,850,ANOS1,0.948300302028656,0.948300302028656,0.0,False
850,851,SOD2,0.947766900062561,0.947766900062561,0.0,False
851,852,MGP,0.9440833330154419,0.9440833330154419,0.0,False
852,853,ABHD4,0.9405959248542786,0.9405959248542786,0.0,False
853,854,ENG,0.9398388862609863,0.9398388862609863,0.0,False
854,855,MAP2K7,0.937944233417511,0.937944233417511,0.0,False
855,856,CD84,0.927962601184845,0.927962601184845,0.0,False
856,857,EPHX2,0.925199031829834,0.925199031829834,0.0,False
857,858,SFTPB,0.9205744862556458,0.9205744862556458,0.0,False
858,859,GRHL2,0.9197388887405396,0.9197388887405396,0.0,True
859,860,FOS,0.9184045791625977,2.2274954319000244,0.6545454263687134,True
860,861,TWIST1,0.9173490405082703,0.9173490405082703,0.0,True
861,862,ZNF582,0.9162580966949463,0.9162580966949463,0.0,True
862,863,NFKB,0.915553629398346,0.915553629398346,0.0,False
863,864,HOXB6,0.9145214557647705,0.9145214557647705,0.0,True
864,865,COL24A1,0.9098927974700928,0.9098927974700928,0.0,False
865,866,PRM2,0.9087591171264648,0.9087591171264648,0.0,False
866,867,BIRC8,0.9057397842407227,0.9057397842407227,0.0,False
867,868,CHAC2,0.9012326598167419,0.9012326598167419,0.0,False
868,869,TIMM8A,0.8972784876823425,0.8972784876823425,0.0,False
869,870,TIMM10,0.8934657573699951,0.8934657573699951,0.0,False
870,871,RNASEL,0.8924340009689331,0.8924340009689331,0.0,False
871,872,HRK,0.8894643187522888,0.8894643187522888,0.0,False
872,873,HOXA6,0.8890566825866699,0.8890566825866699,0.0,True
873,874,SPTA1,0.888751745223999,0.888751745223999,0.0,False
874,875,CENPX,0.8884077072143555,0.8884077072143555,0.0,True
875,876,UBP1,0.8868911266326904,0.8868911266326904,0.0,True
876,877,TTF1,0.8850589394569397,0.8850589394569397,0.0,True
877,878,IL17RC,0.8836450576782227,0.8836450576782227,0.0,False
878,879,DCC,0.8812472820281982,0.8812472820281982,0.0,False
879,880,BMF,0.8810722827911377,0.8810722827911377,0.0,False
880,881,SOX1,0.8780834674835205,0.8780834674835205,0.0,True
881,882,PRKCQ,0.8772375583648682,0.8772375583648682,0.0,False
882,883,IGHM,0.8766806125640869,0.8766806125640869,0.0,False
883,884,ULBP1,0.8746868968009949,0.8746868968009949,0.0,False
884,885,E2F3,0.8695424795150757,0.8695424795150757,0.0,True
885,886,CSF1R,0.8677335381507874,0.8677335381507874,0.0,False
886,887,IL17B,0.8646433353424072,0.8646433353424072,0.0,False
887,888,MAP2K2,0.8633568286895752,0.8633568286895752,0.0,False
888,889,IPPK,0.857291042804718,0.857291042804718,0.0,False
889,890,SP6,0.8549589514732361,0.8549589514732361,0.0,True
890,891,KIT,0.8537585437297821,1.2537585496902466,0.20000000298023224,False
891,892,TPO,0.8464822769165039,0.8464822769165039,0.0,False
892,893,ERBB4,0.8459221124649048,0.8459221124649048,0.0,False
893,894,CASP10,0.8451550602912903,0.8451550602912903,0.0,False
894,895,NFE2L2,0.8414232730865479,0.8414232730865479,0.0,True
895,896,TRIM6-TRIM34,0.8406434059143066,0.8406434059143066,0.0,False
896,897,TRIM34,0.839348554611206,0.839348554611206,0.0,False
897,898,CCND2,0.8364619612693787,0.8364619612693787,0.0,False
898,899,STARD4,0.833077073097229,0.833077073097229,0.0,False
899,900,TNFRSF11B,0.8328715562820435,0.8328715562820435,0.0,False
900,901,TRIM13,0.8307742476463318,0.8307742476463318,0.0,False
901,902,IL17RE,0.8280466198921204,0.8280466198921204,0.0,False
902,903,IF2G,0.8198361992835999,0.8198361992835999,0.0,False
903,904,hsa-miR-143-3p,0.8193321824073792,0.8193321824073792,0.0,False
904,905,LIME1,0.815951943397522,0.815951943397522,0.0,False
905,906,GPRIN3,0.8148764967918396,0.8148764967918396,0.0,False
906,907,SIT1,0.8146399259567261,0.8146399259567261,0.0,False
907,908,HCST,0.8143206834793091,0.8143206834793091,0.0,False
908,909,NR3C1,0.8099652528762817,0.8099652528762817,0.0,True
909,910,HIF1A,0.8077507615089417,0.8077507615089417,0.0,True
910,911,SAA1,0.807583749294281,0.807583749294281,0.0,False
911,912,TYROBP,0.8042812943458557,0.8042812943458557,0.0,False
912,913,TRAF3,0.80291348695755,0.80291348695755,0.0,False
913,914,PSG6,0.799127459526062,0.799127459526062,0.0,False
914,915,CDKN1A,0.798425018787384,0.798425018787384,0.0,False
915,916,LRRC10,0.7968180179595947,0.7968180179595947,0.0,False
916,917,CTNNA3,0.7930884957313538,0.7930884957313538,0.0,False
917,918,YES1,0.7885818481445312,0.7885818481445312,0.0,False
918,919,DACT3,0.7862976789474487,0.7862976789474487,0.0,False
919,920,USP46,0.7835851907730103,0.7835851907730103,0.0,False
920,921,HNF4G,0.7819502353668213,0.7819502353668213,0.0,True
921,922,BTG2,0.7806517481803894,0.7806517481803894,0.0,False
922,923,TFDP1,0.7796071767807007,0.7796071767807007,0.0,True
923,924,AMN,0.7784342765808105,0.7784342765808105,0.0,False
924,925,MRPL38,0.7756876349449158,0.7756876349449158,0.0,False
925,926,CEBPG,0.7741955518722534,0.7741955518722534,0.0,True
926,927,GADD45GIP1,0.7709944844245911,0.7709944844245911,0.0,False
927,928,LY9,0.770885169506073,0.770885169506073,0.0,False
928,929,E4F1,0.770858883857727,0.770858883857727,0.0,True
929,930,IL25,0.7659847140312195,0.7659847140312195,0.0,False
930,931,CDK2AP1,0.765801191329956,0.765801191329956,0.0,False
931,932,TGM1,0.7655521035194397,0.7655521035194397,0.0,False
932,933,ITGAL,0.7638409733772278,0.7638409733772278,0.0,False
933,934,AICDA,0.7617986798286438,0.7617986798286438,0.0,False
934,935,CCRL2,0.7597923278808594,0.7597923278808594,0.0,False
935,936,CLIP3,0.7565082907676697,0.7565082907676697,0.0,False
936,937,STK11,0.7524228692054749,0.7524228692054749,0.0,False
937,938,ADRBK1,0.7515625953674316,0.7515625953674316,0.0,False
938,939,FTMT,0.7484462857246399,0.7484462857246399,0.0,False
939,940,TAP2,0.7458867430686951,0.7458867430686951,0.0,False
940,941,STK40,0.7431257963180542,0.7431257963180542,0.0,False
941,942,KRT15,0.7397277355194092,0.7397277355194092,0.0,False
942,943,IL17C,0.7388102412223816,0.7388102412223816,0.0,False
943,944,NEO1,0.7345820665359497,0.7345820665359497,0.0,False
944,945,NCR3,0.7334880828857422,0.7334880828857422,0.0,False
945,946,SLC38A11,0.7334724068641663,0.7334724068641663,0.0,False
946,947,WNK4,0.7309074401855469,0.7309074401855469,0.0,False
947,948,CPN1,0.7303651571273804,0.7303651571273804,0.0,False
948,949,ZBTB32,0.7296921610832214,0.7296921610832214,0.0,True
949,950,ZNF131,0.7288094758987427,0.7288094758987427,0.0,True
950,951,MAPK15,0.7283098101615906,0.7283098101615906,0.0,False
951,952,AKT1,0.723032534122467,0.723032534122467,0.0,False
952,953,KDM3B,0.7225315570831299,0.7225315570831299,0.0,False
953,954,SNAI3,0.7223336696624756,0.7223336696624756,0.0,True
954,955,PTK2B,0.7217024564743042,0.7217024564743042,0.0,False
955,956,FGF22,0.7215847969055176,0.7215847969055176,0.0,False
956,957,IL22RA1,0.7213656902313232,0.7213656902313232,0.0,False
957,958,MAPK1,0.7206306457519531,0.7206306457519531,0.0,False
958,959,RNASE10,0.7150936722755432,0.7150936722755432,0.0,False
959,960,MPPED1,0.7146368622779846,0.7146368622779846,0.0,False
960,961,GRIFIN,0.7137219905853271,0.7137219905853271,0.0,False
961,962,PPARGC1A,0.7126197814941406,0.7126197814941406,0.0,False
962,963,CIP2A,0.7084080576896667,0.7084080576896667,0.0,False
963,964,CCL3L3,0.7081084251403809,0.7081084251403809,0.0,False
964,965,DSP,0.7075893878936768,0.7075893878936768,0.0,False
965,966,PMEPA1,0.7070059776306152,0.7070059776306152,0.0,False
966,967,SLA,0.7031158804893494,0.7031158804893494,0.0,False
967,968,WNT16,0.7028238773345947,0.7028238773345947,0.0,False
968,969,PTGES2,0.7016987800598145,0.7016987800598145,0.0,False
969,970,OCLN,0.6994556188583374,0.6994556188583374,0.0,False
970,971,SYCP3,0.6988285183906555,0.6988285183906555,0.0,False
971,972,BCL11B,0.6977587342262268,0.6977587342262268,0.0,True
972,973,PKIA,0.6958507895469666,0.6958507895469666,0.0,False
973,974,MAPK3,0.6946114897727966,0.6946114897727966,0.0,False
974,975,USF2,0.6930795907974243,0.6930795907974243,0.0,True
975,976,SELE,0.6928179264068604,0.6928179264068604,0.0,False
976,977,EML5,0.6921867728233337,0.6921867728233337,0.0,False
977,978,APOBEC3G,0.6919583678245544,0.6919583678245544,0.0,False
978,979,MMP28,0.6904029846191406,0.6904029846191406,0.0,False
979,980,DUSP8,0.689765214920044,0.689765214920044,0.0,False
980,981,TRIM56,0.6889072060585022,0.6889072060585022,0.0,False
981,982,MINDY4,0.6881547570228577,0.6881547570228577,0.0,False
982,983,HOXD9,0.6856594681739807,0.6856594681739807,0.0,True
983,984,SHMT1,0.6830232739448547,0.6830232739448547,0.0,False
984,985,GBP2,0.6807502508163452,0.6807502508163452,0.0,False
985,986,TIMM13,0.68013995885849,0.68013995885849,0.0,False
986,987,ITGB8,0.6757312417030334,0.6757312417030334,0.0,False
987,988,MYD88,0.6744182705879211,0.6744182705879211,0.0,False
988,989,HDLBP,0.6724814176559448,0.6724814176559448,0.0,False
989,990,PRKCG,0.6697208881378174,0.6697208881378174,0.0,False
990,991,CENPS,0.6688551902770996,0.6688551902770996,0.0,True
991,992,NFATC1,0.6677898168563843,0.6677898168563843,0.0,True
992,993,SPRYD7,0.6643015742301941,0.6643015742301941,0.0,False
993,994,DLEU1,0.6631325483322144,0.6631325483322144,0.0,False
994,995,IL17F,0.6626537442207336,0.6626537442207336,0.0,False
995,996,S100A8,0.6625018119812012,0.6625018119812012,0.0,False
996,997,TAP1,0.6610199809074402,0.6610199809074402,0.0,False
997,998,IFNA16,0.658560574054718,0.658560574054718,0.0,False
998,999,PPARG,0.6585323810577393,0.6585323810577393,0.0,True
999,1000,MAP4K3,0.6550171375274658,0.6550171375274658,0.0,False
